source_code,description,group,pdf_page_left,pdf_page_right,umidade_percent,umidade_percent_status,energia_kcal,energia_kcal_status,energia_kj,energia_kj_status,proteina_g,proteina_g_status,lipideos_g,lipideos_g_status,colesterol_mg,colesterol_mg_status,carboidrato_g,carboidrato_g_status,fibra_g,fibra_g_status,cinzas_g,cinzas_g_status,calcio_mg,calcio_mg_status,magnesio_mg,magnesio_mg_status,manganes_mg,manganes_mg_status,fosforo_mg,fosforo_mg_status,ferro_mg,ferro_mg_status,sodio_mg,sodio_mg_status,potassio_mg,potassio_mg_status,cobre_mg,cobre_mg_status,zinco_mg,zinco_mg_status,retinol_ug,retinol_ug_status,re_ug,re_ug_status,rae_ug,rae_ug_status,tiamina_mg,tiamina_mg_status,riboflavina_mg,riboflavina_mg_status,piridoxina_mg,piridoxina_mg_status,niacina_mg,niacina_mg_status,vitamina_c_mg,vitamina_c_mg_status
1,"Arroz, integral, cozido",Cereais e derivados,29,30,"70,1",numeric,124,numeric,517,numeric,"2,6",numeric,"1,0",numeric,NA,missing,"25,8",numeric,"2,7",numeric,"0,5",numeric,5,numeric,59,numeric,"0,63",numeric,106,numeric,"0,3",numeric,1,numeric,75,numeric,"0,02",numeric,"0,7",numeric,NA,missing,,missing,,missing,"0,08",numeric,Tr,trace,"0,08",numeric,Tr,trace,,missing
2,"Arroz, integral, cru",Cereais e derivados,29,30,"12,2",numeric,360,numeric,1505,numeric,"7,3",numeric,"1,9",numeric,NA,missing,"77,5",numeric,"4,8",numeric,"1,2",numeric,8,numeric,110,numeric,"2,99",numeric,251,numeric,"0,9",numeric,2,numeric,173,numeric,"0,07",numeric,"1,4",numeric,NA,missing,,missing,,missing,"0,26",numeric,Tr,trace,"0,18",numeric,"4,18",numeric,,missing
3,"Arroz, tipo 1, cozido",Cereais e derivados,29,30,"69,1",numeric,128,numeric,537,numeric,"2,5",numeric,"0,2",numeric,NA,missing,"28,1",numeric,"1,6",numeric,"0,1",numeric,4,numeric,2,numeric,"0,30",numeric,18,numeric,"0,1",numeric,1,numeric,15,numeric,"0,02",numeric,"0,5",numeric,NA,missing,,missing,,missing,Tr,trace,Tr,trace,Tr,trace,Tr,trace,,missing
4,"Arroz, tipo 1, cru",Cereais e derivados,29,30,"13,2",numeric,358,numeric,1497,numeric,"7,2",numeric,"0,3",numeric,NA,missing,"78,8",numeric,"1,6",numeric,"0,5",numeric,4,numeric,30,numeric,"1,03",numeric,104,numeric,"0,7",numeric,1,numeric,62,numeric,"0,11",numeric,"1,2",numeric,NA,missing,,missing,,missing,"0,16",numeric,Tr,trace,"0,07",numeric,"1,12",numeric,,missing
5,"Arroz, tipo 2, cozido",Cereais e derivados,29,30,"68,7",numeric,130,numeric,544,numeric,"2,6",numeric,"0,4",numeric,NA,missing,"28,2",numeric,"1,1",numeric,"0,1",numeric,3,numeric,6,numeric,"0,37",numeric,22,numeric,"0,1",numeric,2,numeric,20,numeric,"0,04",numeric,"0,5",numeric,NA,missing,,missing,,missing,Tr,trace,Tr,trace,Tr,trace,Tr,trace,,missing
6,"Arroz, tipo 2, cru",Cereais e derivados,29,30,"13,2",numeric,358,numeric,1498,numeric,"7,2",numeric,"0,3",numeric,NA,missing,"78,9",numeric,"1,7",numeric,"0,4",numeric,5,numeric,29,numeric,"0,83",numeric,82,numeric,"0,6",numeric,1,numeric,57,numeric,"0,05",numeric,"1,3",numeric,NA,missing,,missing,,missing,"0,16",numeric,Tr,trace,"0,05",numeric,"0,92",numeric,,missing
7,"Aveia, flocos, crua",Cereais e derivados,29,30,"9,1",numeric,394,numeric,1648,numeric,"13,9",numeric,"8,5",numeric,NA,missing,"66,6",numeric,"9,1",numeric,"1,8",numeric,48,numeric,119,numeric,"1,89",numeric,153,numeric,"4,4",numeric,5,numeric,336,numeric,"0,44",numeric,"2,6",numeric,NA,missing,,missing,,missing,"0,55",numeric,"0,03",numeric,Tr,trace,"4,47",numeric,"1,4",numeric
8,"Biscoito, doce, maisena",Cereais e derivados,29,30,"3,2",numeric,443,numeric,1853,numeric,"8,1",numeric,"12,0",numeric,NA,missing,"75,2",numeric,"2,1",numeric,"1,5",numeric,54,numeric,37,numeric,"0,78",numeric,166,numeric,"1,8",numeric,352,numeric,142,numeric,"0,17",numeric,"1,0",numeric,NA,missing,,missing,,missing,"1,01",numeric,"0,42",numeric,"0,23",numeric,"3,91",numeric,"6,2",numeric
9,"Biscoito, doce, recheado com chocolate",Cereais e derivados,29,30,"2,2",numeric,472,numeric,1974,numeric,"6,4",numeric,"19,6",numeric,Tr,trace,"70,5",numeric,"3,0",numeric,"1,3",numeric,27,numeric,48,numeric,"0,59",numeric,139,numeric,"2,3",numeric,239,numeric,232,numeric,"0,27",numeric,"1,0",numeric,Tr,trace,,missing,,missing,"0,32",numeric,"0,39",numeric,"0,46",numeric,"2,52",numeric,"3,5",numeric
10,"Biscoito, doce, recheado com morango",Cereais e derivados,29,30,"2,7",numeric,471,numeric,1971,numeric,"5,7",numeric,"19,6",numeric,Tr,trace,"71,0",numeric,"1,5",numeric,"1,0",numeric,36,numeric,27,numeric,"0,66",numeric,138,numeric,"1,5",numeric,230,numeric,113,numeric,"0,13",numeric,"0,7",numeric,Tr,trace,,missing,,missing,"0,90",numeric,"0,42",numeric,"0,21",numeric,"1,50",numeric,Tr,trace
11,"Biscoito, doce, wafer, recheado de chocolate",Cereais e derivados,29,30,"1,2",numeric,502,numeric,2102,numeric,"5,6",numeric,"24,7",numeric,Tr,trace,"67,5",numeric,"1,8",numeric,"1,1",numeric,23,numeric,48,numeric,"0,44",numeric,124,numeric,"2,4",numeric,137,numeric,240,numeric,"0,26",numeric,"0,9",numeric,Tr,trace,,missing,,missing,"0,37",numeric,"0,03",numeric,"0,30",numeric,"1,12",numeric,Tr,trace
12,"Biscoito, doce, wafer, recheado de morango",Cereais e derivados,29,30,"1,2",numeric,513,numeric,2148,numeric,"4,5",numeric,"26,4",numeric,1,numeric,"67,4",numeric,"0,8",numeric,"0,6",numeric,14,numeric,19,numeric,"0,28",numeric,73,numeric,"1,1",numeric,120,numeric,75,numeric,"0,08",numeric,"0,5",numeric,Tr,trace,,missing,,missing,"0,36",numeric,Tr,trace,"0,94",numeric,"0,37",numeric,,missing
13,"Biscoito, salgado, cream cracker",Cereais e derivados,29,30,"4,1",numeric,432,numeric,1806,numeric,"10,1",numeric,"14,4",numeric,NA,missing,"68,7",numeric,"2,5",numeric,"2,7",numeric,20,numeric,40,numeric,"0,69",numeric,148,numeric,"2,2",numeric,854,numeric,181,numeric,"0,18",numeric,"1,1",numeric,NA,missing,,missing,,missing,"0,71",numeric,"0,13",numeric,"0,17",numeric,"7,14",numeric,,missing
14,"Bolo, mistura para",Cereais e derivados,29,30,"1,0",numeric,419,numeric,1752,numeric,"6,2",numeric,"6,1",numeric,Tr,trace,"84,7",numeric,"1,7",numeric,"2,0",numeric,59,numeric,28,numeric,"0,46",numeric,333,numeric,"1,2",numeric,463,numeric,75,numeric,"0,15",numeric,"0,6",numeric,NA,missing,,missing,,missing,"0,18",numeric,Tr,trace,"1,50",numeric,"1,52",numeric,Tr,trace
15,"Bolo, pronto, aipim",Cereais e derivados,29,30,"34,1",numeric,324,numeric,1355,numeric,"4,4",numeric,"12,7",numeric,73,numeric,"47,9",numeric,"0,7",numeric,"0,8",numeric,85,numeric,10,numeric,"0,11",numeric,122,numeric,"0,5",numeric,111,numeric,135,numeric,"0,05",numeric,"0,4",numeric,Tr,trace,,missing,,missing,"0,13",numeric,"0,07",numeric,Tr,trace,Tr,trace,Tr,trace
16,"Bolo, pronto, chocolate",Cereais e derivados,29,30,"19,3",numeric,410,numeric,1715,numeric,"6,2",numeric,"18,5",numeric,77,numeric,"54,7",numeric,"1,4",numeric,"1,3",numeric,75,numeric,28,numeric,"0,38",numeric,197,numeric,"2,1",numeric,283,numeric,212,numeric,"0,05",numeric,"0,7",numeric,Tr,trace,,missing,,missing,"0,13",numeric,"0,09",numeric,"0,05",numeric,Tr,trace,Tr,trace
17,"Bolo, pronto, coco",Cereais e derivados,29,30,"29,3",numeric,333,numeric,1395,numeric,"5,7",numeric,"11,3",numeric,63,numeric,"52,3",numeric,"1,1",numeric,"1,4",numeric,57,numeric,16,numeric,"0,40",numeric,303,numeric,"0,8",numeric,190,numeric,143,numeric,"0,09",numeric,"0,7",numeric,Tr,trace,,missing,,missing,"0,15",numeric,"0,06",numeric,Tr,trace,Tr,trace,Tr,trace
18,"Bolo, pronto, milho",Cereais e derivados,29,30,"36,7",numeric,311,numeric,1303,numeric,"4,8",numeric,"12,4",numeric,82,numeric,"45,1",numeric,"0,7",numeric,"1,0",numeric,83,numeric,10,numeric,"0,11",numeric,128,numeric,"0,7",numeric,134,numeric,118,numeric,"0,04",numeric,"0,4",numeric,57,numeric,,missing,,missing,"0,11",numeric,"0,05",numeric,Tr,trace,Tr,trace,Tr,trace
19,"Canjica, branca, crua",Cereais e derivados,29,30,"13,6",numeric,358,numeric,1496,numeric,"7,2",numeric,"1,0",numeric,NA,missing,"78,1",numeric,"5,5",numeric,"0,2",numeric,2,numeric,12,numeric,"0,09",numeric,48,numeric,"0,3",numeric,1,numeric,93,numeric,"0,05",numeric,"0,4",numeric,NA,missing,,missing,,missing,Tr,trace,Tr,trace,Tr,trace,Tr,trace,Tr,trace
20,"Canjica, com leite integral",Cereais e derivados,29,30,"72,5",numeric,112,numeric,471,numeric,"2,4",numeric,"1,2",numeric,1,numeric,"23,6",numeric,"1,2",numeric,"0,3",numeric,43,numeric,6,numeric,"0,02",numeric,41,numeric,"0,1",numeric,28,numeric,70,numeric,"0,03",numeric,"0,3",numeric,Tr,trace,,missing,,missing,Tr,trace,"0,04",numeric,Tr,trace,Tr,trace,Tr,trace
21,"Cereais, milho, flocos, com sal",Cereais e derivados,29,30,"9,3",numeric,370,numeric,1546,numeric,"7,3",numeric,"1,6",numeric,NA,missing,"80,8",numeric,"5,3",numeric,"1,0",numeric,2,numeric,20,numeric,Tr,trace,91,numeric,"0,5",numeric,272,numeric,69,numeric,Tr,trace,"0,6",numeric,NA,missing,,missing,,missing,"0,12",numeric,Tr,trace,"0,06",numeric,Tr,trace,Tr,trace
22,"Cereais, milho, flocos, sem sal",Cereais e derivados,29,30,"11,2",numeric,363,numeric,1520,numeric,"6,9",numeric,"1,2",numeric,NA,missing,"80,4",numeric,"1,8",numeric,"0,3",numeric,2,numeric,17,numeric,Tr,trace,58,numeric,"1,7",numeric,31,numeric,29,numeric,"0,24",numeric,"0,3",numeric,NA,missing,,missing,,missing,"0,05",numeric,Tr,trace,"0,04",numeric,Tr,trace,Tr,trace
23,"Cereais, mingau, milho, infantil",Cereais e derivados,29,30,"4,7",numeric,394,numeric,1650,numeric,"6,4",numeric,"1,1",numeric,,missing,"87,3",numeric,"3,2",numeric,"0,5",numeric,219,numeric,16,numeric,"0,11",numeric,169,numeric,"3,0",numeric,399,numeric,82,numeric,"0,04",numeric,"0,4",numeric,21,numeric,,missing,,missing,"3,72",numeric,"0,47",numeric,"5,08",numeric,"24,16",numeric,"109,4",numeric
24,"Cereais, mistura para vitamina, trigo, cevada e aveia",Cereais e derivados,29,30,"4,4",numeric,381,numeric,1595,numeric,"8,9",numeric,"2,1",numeric,NA,missing,"81,6",numeric,"5,0",numeric,"3,0",numeric,584,numeric,72,numeric,"2,28",numeric,515,numeric,"12,6",numeric,1163,numeric,244,numeric,"0,21",numeric,"2,0",numeric,Tr,trace,,missing,,missing,"0,76",numeric,"0,88",numeric,"1,49",numeric,"7,46",numeric,"13,1",numeric
25,"Cereal matinal, milho",Cereais e derivados,29,30,"5,5",numeric,365,numeric,1529,numeric,"7,2",numeric,"1,0",numeric,NA,missing,"83,8",numeric,"4,1",numeric,"2,5",numeric,143,numeric,11,numeric,"0,06",numeric,101,numeric,"3,1",numeric,655,numeric,83,numeric,"0,06",numeric,"7,6",numeric,NA,missing,31,numeric,15,numeric,"0,76",numeric,"1,02",numeric,"2,25",numeric,"11,04",numeric,"17,3",numeric
26,"Cereal matinal, milho, açúcar",Cereais e derivados,29,30,"4,3",numeric,377,numeric,1576,numeric,"4,7",numeric,"0,7",numeric,NA,missing,"88,8",numeric,"2,1",numeric,"1,5",numeric,56,numeric,8,numeric,"0,13",numeric,43,numeric,"3,9",numeric,405,numeric,52,numeric,"0,04",numeric,"8,5",numeric,NA,missing,31,numeric,15,numeric,"0,73",numeric,"1,11",numeric,"0,79",numeric,"10,13",numeric,"14,6",numeric
27,"Creme de arroz, pó",Cereais e derivados,29,30,"7,3",numeric,386,numeric,1615,numeric,"7,0",numeric,"1,2",numeric,NA,missing,"83,9",numeric,"1,1",numeric,"0,5",numeric,7,numeric,51,numeric,"1,24",numeric,153,numeric,"0,6",numeric,1,numeric,115,numeric,"0,04",numeric,"1,9",numeric,NA,missing,,missing,,missing,"0,22",numeric,Tr,trace,"0,05",numeric,Tr,trace,Tr,trace
28,"Creme de milho, pó",Cereais e derivados,29,30,"5,7",numeric,333,numeric,1393,numeric,"4,8",numeric,"1,6",numeric,NA,missing,"86,1",numeric,"3,7",numeric,"1,7",numeric,323,numeric,30,numeric,"0,20",numeric,303,numeric,"4,3",numeric,594,numeric,166,numeric,"0,04",numeric,"0,8",numeric,NA,missing,,missing,,missing,"0,74",numeric,Tr,trace,"2,05",numeric,Tr,trace,"96,3",numeric
29,"Curau, milho verde",Cereais e derivados,29,30,"81,6",numeric,78,numeric,328,numeric,"2,4",numeric,"1,6",numeric,5,numeric,"13,9",numeric,"0,5",numeric,"0,5",numeric,53,numeric,16,numeric,"0,06",numeric,75,numeric,"0,4",numeric,21,numeric,162,numeric,"0,03",numeric,"0,4",numeric,12,numeric,20,numeric,16,numeric,"0,04",numeric,"0,07",numeric,Tr,trace,Tr,trace,Tr,trace
30,"Curau, milho verde, mistura para",Cereais e derivados,29,30,"3,9",numeric,402,numeric,1683,numeric,"2,2",numeric,"13,4",numeric,NA,missing,"79,8",numeric,"2,5",numeric,"0,7",numeric,31,numeric,9,numeric,"0,05",numeric,45,numeric,"0,9",numeric,223,numeric,55,numeric,"0,03",numeric,"0,2",numeric,NA,missing,,missing,,missing,"0,13",numeric,Tr,trace,Tr,trace,Tr,trace,Tr,trace
31,"Farinha, de arroz, enriquecida",Cereais e derivados,29,30,"12,7",numeric,363,numeric,1519,numeric,"1,3",numeric,"0,3",numeric,NA,missing,"85,5",numeric,"0,6",numeric,"0,2",numeric,1,numeric,4,numeric,"0,04",numeric,36,numeric,"31,4",numeric,17,numeric,13,numeric,Tr,trace,"8,5",numeric,NA,missing,,missing,,missing,"3,23",numeric,Tr,trace,"3,47",numeric,"24,42",numeric,"173,6",numeric
32,"Farinha, de centeio, integral",Cereais e derivados,31,32,"10,8",numeric,336,numeric,1405,numeric,"12,5",numeric,"1,8",numeric,NA,missing,"73,3",numeric,"15,5",numeric,"1,7",numeric,34,numeric,120,numeric,"3,86",numeric,340,numeric,"4,7",numeric,41,numeric,334,numeric,"0,56",numeric,"2,7",numeric,NA,missing,,missing,,missing,"0,29",numeric,"0,03",numeric,"0,08",numeric,Tr,trace,Tr,trace
33,"Farinha, de milho, amarela",Cereais e derivados,31,32,"11,8",numeric,351,numeric,1467,numeric,"7,2",numeric,"1,5",numeric,NA,missing,"79,1",numeric,"5,5",numeric,"0,5",numeric,1,numeric,31,numeric,Tr,trace,84,numeric,"2,3",numeric,45,numeric,58,numeric,"0,27",numeric,"0,6",numeric,NA,missing,18,numeric,9,numeric,"0,25",numeric,Tr,trace,"0,25",numeric,Tr,trace,Tr,trace
34,"Farinha, de rosca",Cereais e derivados,31,32,"9,8",numeric,371,numeric,1550,numeric,"11,4",numeric,"1,5",numeric,NA,missing,"75,8",numeric,"4,8",numeric,"1,6",numeric,35,numeric,57,numeric,"1,62",numeric,195,numeric,"6,7",numeric,333,numeric,212,numeric,"0,26",numeric,"1,7",numeric,NA,missing,,missing,,missing,"0,25",numeric,Tr,trace,"0,09",numeric,Tr,trace,Tr,trace
35,"Farinha, de trigo",Cereais e derivados,31,32,"13,0",numeric,360,numeric,1508,numeric,"9,8",numeric,"1,4",numeric,NA,missing,"75,1",numeric,"2,3",numeric,"0,8",numeric,18,numeric,31,numeric,"0,46",numeric,115,numeric,"1,0",numeric,1,numeric,151,numeric,"0,15",numeric,"0,8",numeric,NA,missing,,missing,,missing,"0,31",numeric,Tr,trace,Tr,trace,"0,89",numeric,Tr,trace
36,"Farinha, láctea, de cereais",Cereais e derivados,31,32,"2,7",numeric,415,numeric,1736,numeric,"11,9",numeric,"5,8",numeric,11,numeric,"77,8",numeric,"1,9",numeric,"1,9",numeric,196,numeric,58,numeric,"1,49",numeric,296,numeric,"8,7",numeric,125,numeric,366,numeric,"0,19",numeric,"1,7",numeric,492,numeric,,missing,,missing,"1,43",numeric,"1,13",numeric,"1,14",numeric,"9,50",numeric,"24,3",numeric
37,"Lasanha, massa fresca, cozida",Cereais e derivados,31,32,"59,6",numeric,164,numeric,685,numeric,"5,8",numeric,"1,2",numeric,NA,missing,"32,5",numeric,"1,6",numeric,"0,9",numeric,10,numeric,4,numeric,"0,20",numeric,42,numeric,"1,2",numeric,207,numeric,54,numeric,"0,07",numeric,"0,4",numeric,NA,missing,,missing,,missing,"0,04",numeric,Tr,trace,Tr,trace,"3,96",numeric,,missing
38,"Lasanha, massa fresca, crua",Cereais e derivados,31,32,"45,0",numeric,220,numeric,922,numeric,"7,0",numeric,"1,3",numeric,NA,missing,"45,1",numeric,"1,6",numeric,"1,6",numeric,17,numeric,13,numeric,"0,34",numeric,82,numeric,"1,9",numeric,667,numeric,137,numeric,"0,10",numeric,"0,8",numeric,NA,missing,,missing,,missing,"0,08",numeric,Tr,trace,Tr,trace,Tr,trace,,missing
39,"Macarrão, instantâneo",Cereais e derivados,31,32,"6,0",numeric,436,numeric,1824,numeric,"8,8",numeric,"17,2",numeric,NA,missing,"62,4",numeric,"5,6",numeric,"5,6",numeric,18,numeric,19,numeric,"0,25",numeric,112,numeric,"0,8",numeric,1516,numeric,148,numeric,"0,10",numeric,"0,5",numeric,NA,missing,,missing,,missing,"1,18",numeric,"0,04",numeric,"0,53",numeric,"9,37",numeric,Tr,trace
40,"Macarrão, trigo, cru",Cereais e derivados,31,32,"10,2",numeric,371,numeric,1553,numeric,"10,0",numeric,"1,3",numeric,NA,missing,"77,9",numeric,"2,9",numeric,"0,5",numeric,17,numeric,28,numeric,"0,53",numeric,100,numeric,"0,9",numeric,7,numeric,147,numeric,"0,15",numeric,"0,8",numeric,NA,missing,,missing,,missing,"0,18",numeric,"0,02",numeric,Tr,trace,"3,57",numeric,Tr,trace
41,"Macarrão, trigo, cru, com ovos",Cereais e derivados,31,32,"10,6",numeric,371,numeric,1550,numeric,"10,3",numeric,"2,0",numeric,18,numeric,"76,6",numeric,"2,3",numeric,"0,5",numeric,19,numeric,Tr,trace,"0,40",numeric,118,numeric,"0,9",numeric,15,numeric,134,numeric,"0,14",numeric,"0,8",numeric,Tr,trace,,missing,,missing,"0,11",numeric,"0,05",numeric,"0,03",numeric,"4,37",numeric,Tr,trace
42,"Milho, amido, cru",Cereais e derivados,31,32,"12,2",numeric,361,numeric,1512,numeric,"0,6",numeric,Tr,trace,NA,missing,"87,1",numeric,"0,7",numeric,"0,1",numeric,1,numeric,3,numeric,"0,02",numeric,13,numeric,"0,1",numeric,8,numeric,9,numeric,"0,02",numeric,"0,1",numeric,NA,missing,,missing,,missing,Tr,trace,Tr,trace,Tr,trace,Tr,trace,Tr,trace
43,"Milho, fubá, cru",Cereais e derivados,31,32,"11,5",numeric,353,numeric,1479,numeric,"7,2",numeric,"1,9",numeric,NA,missing,"78,9",numeric,"4,7",numeric,"0,6",numeric,3,numeric,41,numeric,"0,34",numeric,108,numeric,"0,9",numeric,Tr,trace,168,numeric,"0,08",numeric,"1,1",numeric,NA,missing,26,numeric,13,numeric,"0,25",numeric,Tr,trace,Tr,trace,"0,75",numeric,Tr,trace
44,"Milho, verde, cru",Cereais e derivados,31,32,"63,5",numeric,138,numeric,578,numeric,"6,6",numeric,"0,6",numeric,NA,missing,"28,6",numeric,"3,9",numeric,"0,7",numeric,2,numeric,33,numeric,"0,12",numeric,113,numeric,"0,4",numeric,1,numeric,185,numeric,"0,05",numeric,"0,5",numeric,NA,missing,32,numeric,16,numeric,"0,30",numeric,Tr,trace,"0,04",numeric,Tr,trace,Tr,trace
45,"Milho, verde, enlatado, drenado",Cereais e derivados,31,32,"76,2",numeric,98,numeric,408,numeric,"3,2",numeric,"2,4",numeric,NA,missing,"17,1",numeric,"4,6",numeric,"1,1",numeric,2,numeric,20,numeric,"0,09",numeric,61,numeric,"0,6",numeric,260,numeric,162,numeric,"0,05",numeric,"0,5",numeric,NA,missing,48,numeric,24,numeric,Tr,trace,"0,05",numeric,Tr,trace,"3,74",numeric,"1,7",numeric
46,"Mingau tradicional, pó",Cereais e derivados,31,32,"8,1",numeric,373,numeric,1562,numeric,"0,6",numeric,"0,4",numeric,NA,missing,"89,3",numeric,"0,9",numeric,"1,6",numeric,522,numeric,4,numeric,Tr,trace,273,numeric,"42,0",numeric,15,numeric,Tr,trace,Tr,trace,"15,2",numeric,1533,numeric,,missing,,missing,"3,41",numeric,Tr,trace,"3,11",numeric,"19,39",numeric,Tr,trace
47,"Pamonha, barra para cozimento, pré-cozida",Cereais e derivados,31,32,"61,3",numeric,171,numeric,716,numeric,"2,6",numeric,"4,8",numeric,NA,missing,"30,7",numeric,"2,4",numeric,"0,6",numeric,4,numeric,15,numeric,"0,12",numeric,55,numeric,"0,4",numeric,132,numeric,125,numeric,"0,03",numeric,"0,4",numeric,NA,missing,,missing,,missing,Tr,trace,Tr,trace,Tr,trace,Tr,trace,Tr,trace
48,"Pão, aveia, forma",Cereais e derivados,31,32,"19,9",numeric,343,numeric,1435,numeric,"12,4",numeric,"5,7",numeric,Tr,trace,"59,6",numeric,"6,0",numeric,"2,5",numeric,109,numeric,57,numeric,"1,08",numeric,182,numeric,"4,7",numeric,606,numeric,210,numeric,"0,14",numeric,"1,7",numeric,Tr,trace,,missing,,missing,"0,09",numeric,"0,03",numeric,"0,08",numeric,Tr,trace,Tr,trace
49,"Pão, de soja",Cereais e derivados,31,32,"26,0",numeric,309,numeric,1292,numeric,"11,3",numeric,"3,6",numeric,NA,missing,"56,5",numeric,"5,7",numeric,"2,5",numeric,90,numeric,48,numeric,"0,57",numeric,153,numeric,"3,3",numeric,663,numeric,296,numeric,"0,16",numeric,"1,5",numeric,NA,missing,,missing,,missing,"0,07",numeric,"0,04",numeric,"0,79",numeric,Tr,trace,Tr,trace
50,"Pão, glúten, forma",Cereais e derivados,31,32,"40,7",numeric,253,numeric,1059,numeric,"12,0",numeric,"2,7",numeric,NA,missing,"44,1",numeric,"2,5",numeric,"0,5",numeric,156,numeric,24,numeric,"0,51",numeric,105,numeric,"5,7",numeric,22,numeric,65,numeric,"0,06",numeric,"1,3",numeric,NA,missing,,missing,,missing,"0,04",numeric,"0,03",numeric,Tr,trace,Tr,trace,Tr,trace
51,"Pão, milho, forma",Cereais e derivados,31,32,"30,4",numeric,292,numeric,1222,numeric,"8,3",numeric,"3,1",numeric,6,numeric,"56,4",numeric,"4,3",numeric,"1,8",numeric,78,numeric,29,numeric,"0,37",numeric,110,numeric,"3,0",numeric,507,numeric,89,numeric,"0,10",numeric,"0,8",numeric,Tr,trace,,missing,,missing,"0,08",numeric,Tr,trace,"0,08",numeric,Tr,trace,Tr,trace
52,"Pão, trigo, forma, integral",Cereais e derivados,31,32,"34,7",numeric,253,numeric,1059,numeric,"9,4",numeric,"3,7",numeric,NA,missing,"49,9",numeric,"6,9",numeric,"2,3",numeric,132,numeric,60,numeric,"1,62",numeric,193,numeric,"3,0",numeric,506,numeric,163,numeric,"0,15",numeric,"1,6",numeric,NA,missing,,missing,,missing,"0,08",numeric,"0,04",numeric,"0,15",numeric,Tr,trace,Tr,trace
53,"Pão, trigo, francês",Cereais e derivados,31,32,"28,5",numeric,300,numeric,1254,numeric,"8,0",numeric,"3,1",numeric,NA,missing,"58,6",numeric,"2,3",numeric,"1,8",numeric,16,numeric,25,numeric,"0,46",numeric,95,numeric,"1,0",numeric,648,numeric,142,numeric,"0,13",numeric,"0,8",numeric,3,numeric,,missing,,missing,"0,39",numeric,"0,67",numeric,"0,60",numeric,"2,34",numeric,,missing
54,"Pão, trigo, sovado",Cereais e derivados,31,32,"25,8",numeric,311,numeric,1301,numeric,"8,4",numeric,"2,8",numeric,17,numeric,"61,5",numeric,"2,4",numeric,"1,5",numeric,52,numeric,22,numeric,"0,31",numeric,101,numeric,"2,3",numeric,431,numeric,91,numeric,Tr,trace,"2,7",numeric,Tr,trace,,missing,,missing,"0,08",numeric,"0,04",numeric,"0,15",numeric,Tr,trace,Tr,trace
55,"Pastel, de carne, cru",Cereais e derivados,31,32,"34,4",numeric,289,numeric,1208,numeric,"10,7",numeric,"8,8",numeric,18,numeric,"42,0",numeric,"1,0",numeric,"4,1",numeric,17,numeric,18,numeric,"0,34",numeric,117,numeric,"2,0",numeric,1309,numeric,166,numeric,"0,11",numeric,"1,7",numeric,Tr,trace,,missing,,missing,"0,06",numeric,"0,03",numeric,Tr,trace,"1,58",numeric,Tr,trace
56,"Pastel, de carne, frito",Cereais e derivados,31,32,"22,9",numeric,388,numeric,1625,numeric,"10,1",numeric,"20,1",numeric,25,numeric,"43,8",numeric,"1,0",numeric,"3,1",numeric,13,numeric,14,numeric,"0,22",numeric,90,numeric,"2,5",numeric,1040,numeric,156,numeric,"0,12",numeric,"1,2",numeric,Tr,trace,,missing,,missing,"0,06",numeric,"0,05",numeric,Tr,trace,"1,83",numeric,,missing
57,"Pastel, de queijo, cru",Cereais e derivados,31,32,"31,3",numeric,308,numeric,1291,numeric,"9,9",numeric,"9,6",numeric,14,numeric,"45,9",numeric,"1,1",numeric,"3,3",numeric,155,numeric,16,numeric,"0,24",numeric,168,numeric,"1,0",numeric,985,numeric,103,numeric,"0,10",numeric,"1,0",numeric,Tr,trace,,missing,,missing,"0,07",numeric,"0,03",numeric,Tr,trace,Tr,trace,Tr,trace
58,"Pastel, de queijo, frito",Cereais e derivados,31,32,"17,5",numeric,422,numeric,1766,numeric,"8,7",numeric,"22,7",numeric,15,numeric,"48,1",numeric,"0,9",numeric,"2,9",numeric,126,numeric,15,numeric,"0,20",numeric,124,numeric,"1,3",numeric,821,numeric,124,numeric,"0,10",numeric,"0,8",numeric,18,numeric,18,numeric,18,numeric,"0,09",numeric,"0,04",numeric,Tr,trace,Tr,trace,Tr,trace
59,"Pastel, massa, crua",Cereais e derivados,31,32,"27,1",numeric,310,numeric,1298,numeric,"6,9",numeric,"5,5",numeric,NA,missing,"57,4",numeric,"1,4",numeric,"3,2",numeric,13,numeric,14,numeric,"0,38",numeric,73,numeric,"1,1",numeric,1344,numeric,167,numeric,"0,11",numeric,"0,6",numeric,NA,missing,,missing,,missing,"0,15",numeric,Tr,trace,Tr,trace,Tr,trace,,missing
60,"Pastel, massa, frita",Cereais e derivados,31,32,"1,0",numeric,570,numeric,2384,numeric,"6,0",numeric,"40,9",numeric,NA,missing,"49,3",numeric,"1,3",numeric,"2,8",numeric,11,numeric,13,numeric,"0,36",numeric,62,numeric,"1,4",numeric,1175,numeric,143,numeric,"0,08",numeric,"0,5",numeric,NA,missing,,missing,,missing,"0,16",numeric,Tr,trace,Tr,trace,Tr,trace,,missing
61,"Pipoca, com óleo de soja, sem sal",Cereais e derivados,31,32,"2,8",numeric,448,numeric,1876,numeric,"9,9",numeric,"15,9",numeric,NA,missing,"70,3",numeric,"14,3",numeric,"1,0",numeric,3,numeric,91,numeric,"0,65",numeric,225,numeric,"1,2",numeric,4,numeric,256,numeric,"0,46",numeric,"2,0",numeric,NA,missing,,missing,,missing,"0,03",numeric,"0,03",numeric,Tr,trace,Tr,trace,Tr,trace
62,"Polenta, pré-cozida",Cereais e derivados,31,32,"72,7",numeric,103,numeric,430,numeric,"2,3",numeric,"0,3",numeric,NA,missing,"23,3",numeric,"2,4",numeric,"1,4",numeric,1,numeric,4,numeric,Tr,trace,17,numeric,Tr,trace,442,numeric,100,numeric,"0,04",numeric,"0,1",numeric,NA,missing,,missing,,missing,"0,04",numeric,Tr,trace,Tr,trace,Tr,trace,Tr,trace
63,"Torrada, pão francês",Cereais e derivados,31,32,"9,0",numeric,377,numeric,1579,numeric,"10,5",numeric,"3,3",numeric,NA,missing,"74,6",numeric,"3,4",numeric,"2,6",numeric,19,numeric,32,numeric,"0,55",numeric,114,numeric,"1,2",numeric,829,numeric,189,numeric,"0,16",numeric,"0,9",numeric,NA,missing,,missing,,missing,"0,38",numeric,Tr,trace,Tr,trace,Tr,trace,Tr,trace
64,"Abóbora, cabotian, cozida","Verduras, hortaliças e derivados",33,34,"86,4",numeric,48,numeric,201,numeric,"1,4",numeric,"0,7",numeric,NA,missing,"10,8",numeric,"2,5",numeric,"0,7",numeric,8,numeric,9,numeric,"0,26",numeric,33,numeric,"0,3",numeric,1,numeric,199,numeric,"0,06",numeric,"0,3",numeric,NA,missing,,missing,,missing,"0,08",numeric,Tr,trace,"0,07",numeric,Tr,trace,"7,5",numeric
65,"Abóbora, cabotian, crua","Verduras, hortaliças e derivados",33,34,"88,5",numeric,39,numeric,161,numeric,"1,7",numeric,"0,5",numeric,NA,missing,"8,4",numeric,"2,2",numeric,"0,8",numeric,18,numeric,9,numeric,"0,11",numeric,26,numeric,"0,4",numeric,Tr,trace,351,numeric,"0,06",numeric,"0,3",numeric,NA,missing,446,numeric,223,numeric,Tr,trace,Tr,trace,"0,10",numeric,Tr,trace,"5,1",numeric
66,"Abóbora, menina brasileira, crua","Verduras, hortaliças e derivados",33,34,"95,7",numeric,14,numeric,57,numeric,"0,6",numeric,Tr,trace,NA,missing,"3,3",numeric,"1,2",numeric,"0,4",numeric,9,numeric,4,numeric,"0,01",numeric,12,numeric,"0,2",numeric,Tr,trace,165,numeric,"0,02",numeric,Tr,trace,NA,missing,1108,numeric,554,numeric,"0,07",numeric,Tr,trace,"0,04",numeric,Tr,trace,"1,5",numeric
67,"Abóbora, moranga, crua","Verduras, hortaliças e derivados",33,34,"95,9",numeric,12,numeric,52,numeric,"1,0",numeric,"0,1",numeric,NA,missing,"2,7",numeric,"1,7",numeric,"0,4",numeric,3,numeric,2,numeric,"0,01",numeric,8,numeric,Tr,trace,Tr,trace,125,numeric,"0,05",numeric,"0,1",numeric,NA,missing,278,numeric,139,numeric,Tr,trace,Tr,trace,"0,06",numeric,Tr,trace,"9,6",numeric
68,"Abóbora, moranga, refogada","Verduras, hortaliças e derivados",33,34,"92,5",numeric,29,numeric,121,numeric,"0,4",numeric,"0,8",numeric,NA,missing,"6,0",numeric,"1,5",numeric,"0,4",numeric,19,numeric,7,numeric,"0,02",numeric,12,numeric,"0,1",numeric,3,numeric,183,numeric,"0,04",numeric,"0,1",numeric,NA,missing,95,numeric,48,numeric,"0,05",numeric,Tr,trace,"0,05",numeric,Tr,trace,"6,7",numeric
69,"Abobora, pescoço, crua","Verduras, hortaliças e derivados",33,34,"92,5",numeric,24,numeric,102,numeric,"0,7",numeric,"0,1",numeric,NA,missing,"6,1",numeric,"2,3",numeric,"0,6",numeric,9,numeric,7,numeric,"0,07",numeric,32,numeric,"0,3",numeric,1,numeric,264,numeric,"0,09",numeric,"0,2",numeric,NA,missing,,missing,,missing,Tr,trace,Tr,trace,"0,06",numeric,Tr,trace,"2,1",numeric
70,"Abobrinha, italiana, cozida","Verduras, hortaliças e derivados",33,34,"95,3",numeric,15,numeric,63,numeric,"1,1",numeric,"0,2",numeric,NA,missing,"3,0",numeric,"1,6",numeric,"0,4",numeric,17,numeric,17,numeric,"0,11",numeric,22,numeric,"0,2",numeric,1,numeric,126,numeric,"0,01",numeric,"0,3",numeric,NA,missing,,missing,,missing,"0,05",numeric,Tr,trace,"0,06",numeric,Tr,trace,"2,1",numeric
71,"Abobrinha, italiana, crua","Verduras, hortaliças e derivados",33,34,"93,9",numeric,19,numeric,81,numeric,"1,1",numeric,"0,1",numeric,NA,missing,"4,3",numeric,"1,4",numeric,"0,6",numeric,15,numeric,20,numeric,"0,09",numeric,32,numeric,"0,2",numeric,Tr,trace,253,numeric,"0,05",numeric,"0,2",numeric,NA,missing,41,numeric,20,numeric,Tr,trace,"0,06",numeric,"0,03",numeric,Tr,trace,"6,9",numeric
72,"Abobrinha, italiana, refogada","Verduras, hortaliças e derivados",33,34,"93,5",numeric,24,numeric,102,numeric,"1,1",numeric,"0,8",numeric,NA,missing,"4,2",numeric,"1,4",numeric,"0,4",numeric,21,numeric,13,numeric,"0,14",numeric,32,numeric,"0,4",numeric,2,numeric,194,numeric,"0,02",numeric,"0,3",numeric,NA,missing,42,numeric,21,numeric,"0,04",numeric,Tr,trace,Tr,trace,Tr,trace,"7,5",numeric
73,"Abobrinha, paulista, crua","Verduras, hortaliças e derivados",33,34,"90,9",numeric,31,numeric,129,numeric,"0,6",numeric,"0,1",numeric,NA,missing,"7,9",numeric,"2,6",numeric,"0,5",numeric,19,numeric,9,numeric,"0,11",numeric,33,numeric,"0,2",numeric,1,numeric,213,numeric,"0,10",numeric,"0,2",numeric,NA,missing,,missing,,missing,Tr,trace,Tr,trace,"0,03",numeric,Tr,trace,"17,5",numeric
74,"Acelga, crua","Verduras, hortaliças e derivados",33,34,"93,2",numeric,21,numeric,88,numeric,"1,4",numeric,"0,1",numeric,NA,missing,"4,6",numeric,"1,1",numeric,"0,6",numeric,43,numeric,10,numeric,"0,11",numeric,40,numeric,"0,3",numeric,1,numeric,240,numeric,"0,10",numeric,"0,3",numeric,NA,missing,,missing,,missing,"0,04",numeric,Tr,trace,"0,16",numeric,Tr,trace,"22,6",numeric
75,"Agrião, cru","Verduras, hortaliças e derivados",33,34,"93,9",numeric,17,numeric,69,numeric,"2,7",numeric,"0,2",numeric,NA,missing,"2,3",numeric,"2,1",numeric,"0,9",numeric,133,numeric,18,numeric,"0,28",numeric,51,numeric,"3,1",numeric,7,numeric,218,numeric,"0,10",numeric,"0,7",numeric,NA,missing,458,numeric,229,numeric,"0,11",numeric,"0,23",numeric,"0,09",numeric,"1,19",numeric,"60,1",numeric
76,"Aipo, cru","Verduras, hortaliças e derivados",33,34,"93,8",numeric,19,numeric,80,numeric,"0,8",numeric,"0,1",numeric,NA,missing,"4,3",numeric,"1,0",numeric,"1,1",numeric,65,numeric,9,numeric,"0,18",numeric,28,numeric,"0,7",numeric,10,numeric,274,numeric,"0,31",numeric,"0,1",numeric,NA,missing,916,numeric,458,numeric,Tr,trace,Tr,trace,"0,18",numeric,Tr,trace,"5,9",numeric
77,"Alface, americana, crua","Verduras, hortaliças e derivados",33,34,"97,2",numeric,9,numeric,37,numeric,"0,6",numeric,"0,1",numeric,NA,missing,"1,7",numeric,"1,0",numeric,"0,3",numeric,14,numeric,6,numeric,"0,12",numeric,19,numeric,"0,3",numeric,7,numeric,136,numeric,"0,02",numeric,"0,2",numeric,NA,missing,,missing,,missing,"0,03",numeric,Tr,trace,"0,04",numeric,Tr,trace,"11,0",numeric
78,"Alface, crespa, crua","Verduras, hortaliças e derivados",33,34,"96,1",numeric,11,numeric,45,numeric,"1,3",numeric,"0,2",numeric,NA,missing,"1,7",numeric,"1,8",numeric,"0,7",numeric,38,numeric,11,numeric,"0,20",numeric,26,numeric,"0,4",numeric,3,numeric,267,numeric,"0,03",numeric,"0,3",numeric,NA,missing,234,numeric,117,numeric,"0,11",numeric,"0,12",numeric,Tr,trace,"1,09",numeric,"15,6",numeric
79,"Alface, lisa, crua","Verduras, hortaliças e derivados",33,34,"95,0",numeric,14,numeric,58,numeric,"1,7",numeric,"0,1",numeric,NA,missing,"2,4",numeric,"2,3",numeric,"0,8",numeric,28,numeric,9,numeric,"0,33",numeric,26,numeric,"0,6",numeric,4,numeric,349,numeric,"0,03",numeric,"0,3",numeric,NA,missing,368,numeric,184,numeric,"0,09",numeric,"0,08",numeric,"0,07",numeric,"0,75",numeric,"21,4",numeric
80,"Alface, roxa, crua","Verduras, hortaliças e derivados",33,34,"95,7",numeric,13,numeric,53,numeric,"0,9",numeric,"0,2",numeric,NA,missing,"2,5",numeric,"2,0",numeric,"0,7",numeric,34,numeric,9,numeric,"0,12",numeric,51,numeric,"2,5",numeric,7,numeric,308,numeric,"0,04",numeric,"0,2",numeric,NA,missing,312,numeric,156,numeric,Tr,trace,Tr,trace,Tr,trace,Tr,trace,"13,5",numeric
81,"Alfavaca, crua","Verduras, hortaliças e derivados",33,34,"90,2",numeric,29,numeric,122,numeric,"2,7",numeric,"0,5",numeric,NA,missing,"5,2",numeric,"4,1",numeric,"1,4",numeric,258,numeric,84,numeric,"0,15",numeric,50,numeric,"1,3",numeric,5,numeric,261,numeric,"0,15",numeric,"0,7",numeric,NA,missing,,missing,,missing,Tr,trace,"0,12",numeric,"0,56",numeric,Tr,trace,Tr,trace
82,"Alho, cru","Verduras, hortaliças e derivados",33,34,"67,5",numeric,113,numeric,473,numeric,"7,0",numeric,"0,2",numeric,NA,missing,"23,9",numeric,"4,3",numeric,"1,3",numeric,14,numeric,21,numeric,"0,24",numeric,149,numeric,"0,8",numeric,5,numeric,535,numeric,"0,15",numeric,"0,8",numeric,NA,missing,,missing,,missing,"0,18",numeric,Tr,trace,"0,44",numeric,Tr,trace,*,missing
83,"Alho-poró, cru","Verduras, hortaliças e derivados",33,34,"91,0",numeric,32,numeric,132,numeric,"1,4",numeric,"0,1",numeric,NA,missing,"6,9",numeric,"2,5",numeric,"0,6",numeric,34,numeric,11,numeric,"0,10",numeric,36,numeric,"0,6",numeric,2,numeric,224,numeric,"0,29",numeric,"0,2",numeric,NA,missing,16,numeric,8,numeric,"0,06",numeric,Tr,trace,"0,08",numeric,"0,34",numeric,"14,1",numeric
84,"Almeirão, cru","Verduras, hortaliças e derivados",33,34,"93,7",numeric,18,numeric,75,numeric,"1,8",numeric,"0,2",numeric,NA,missing,"3,3",numeric,"2,6",numeric,"1,0",numeric,19,numeric,21,numeric,"0,17",numeric,40,numeric,"0,7",numeric,2,numeric,369,numeric,"0,10",numeric,"0,3",numeric,NA,missing,566,numeric,283,numeric,"0,10",numeric,"0,18",numeric,Tr,trace,"0,63",numeric,"1,7",numeric
85,"Almeirão, refogado","Verduras, hortaliças e derivados",33,34,"86,5",numeric,65,numeric,272,numeric,"1,7",numeric,"4,8",numeric,NA,missing,"5,7",numeric,"3,4",numeric,"1,2",numeric,63,numeric,17,numeric,"0,28",numeric,31,numeric,"1,6",numeric,15,numeric,315,numeric,"0,06",numeric,"0,2",numeric,NA,missing,,missing,,missing,"0,03",numeric,"0,06",numeric,"0,05",numeric,"4,03",numeric,"1,5",numeric
86,"Batata, baroa, cozida","Verduras, hortaliças e derivados",33,34,"79,3",numeric,80,numeric,335,numeric,"0,9",numeric,"0,2",numeric,NA,missing,"18,9",numeric,"1,8",numeric,"0,8",numeric,12,numeric,8,numeric,"0,22",numeric,29,numeric,"0,4",numeric,2,numeric,258,numeric,"0,15",numeric,"0,4",numeric,NA,missing,,missing,,missing,"0,06",numeric,Tr,trace,Tr,trace,"1,98",numeric,"17,1",numeric
87,"Batata, baroa, crua","Verduras, hortaliças e derivados",33,34,"73,7",numeric,101,numeric,423,numeric,"1,0",numeric,"0,2",numeric,NA,missing,"24,0",numeric,"2,1",numeric,"1,1",numeric,17,numeric,12,numeric,"0,07",numeric,45,numeric,"0,3",numeric,Tr,trace,505,numeric,"0,05",numeric,"0,2",numeric,NA,missing,25,numeric,12,numeric,"0,05",numeric,Tr,trace,"0,12",numeric,Tr,trace,"7,6",numeric
88,"Batata, doce, cozida","Verduras, hortaliças e derivados",33,34,"80,4",numeric,77,numeric,321,numeric,"0,6",numeric,"0,1",numeric,NA,missing,"18,4",numeric,"2,2",numeric,"0,4",numeric,17,numeric,11,numeric,"0,14",numeric,15,numeric,"0,2",numeric,3,numeric,148,numeric,"0,06",numeric,"0,1",numeric,NA,missing,,missing,,missing,"0,08",numeric,Tr,trace,"0,05",numeric,"2,57",numeric,"23,8",numeric
89,"Batata, doce, crua","Verduras, hortaliças e derivados",33,34,"69,5",numeric,118,numeric,495,numeric,"1,3",numeric,"0,1",numeric,NA,missing,"28,2",numeric,"2,6",numeric,"0,9",numeric,21,numeric,17,numeric,"0,18",numeric,36,numeric,"0,4",numeric,9,numeric,340,numeric,"0,11",numeric,"0,2",numeric,NA,missing,,missing,,missing,"0,06",numeric,Tr,trace,"0,10",numeric,Tr,trace,"16,5",numeric
90,"Batata, frita, tipo chips, industrializada","Verduras, hortaliças e derivados",33,34,"2,7",numeric,543,numeric,2271,numeric,"5,6",numeric,"36,6",numeric,NA,missing,"51,2",numeric,"2,5",numeric,"3,9",numeric,12,numeric,24,numeric,"0,23",numeric,96,numeric,"0,7",numeric,607,numeric,1014,numeric,"0,12",numeric,"0,6",numeric,NA,missing,,missing,,missing,"0,20",numeric,Tr,trace,"0,13",numeric,"2,61",numeric,Tr,trace
91,"Batata, inglesa, cozida","Verduras, hortaliças e derivados",33,34,"86,4",numeric,52,numeric,216,numeric,"1,2",numeric,Tr,trace,NA,missing,"11,9",numeric,"1,3",numeric,"0,5",numeric,4,numeric,5,numeric,"0,07",numeric,24,numeric,"0,2",numeric,2,numeric,161,numeric,"0,06",numeric,"0,2",numeric,NA,missing,,missing,,missing,"0,05",numeric,Tr,trace,"0,08",numeric,Tr,trace,"3,8",numeric
92,"Batata, inglesa, crua","Verduras, hortaliças e derivados",33,34,"82,9",numeric,64,numeric,269,numeric,"1,8",numeric,Tr,trace,NA,missing,"14,7",numeric,"1,2",numeric,"0,6",numeric,4,numeric,15,numeric,"0,10",numeric,39,numeric,"0,4",numeric,Tr,trace,302,numeric,"0,09",numeric,"0,2",numeric,NA,missing,,missing,,missing,"0,10",numeric,Tr,trace,"0,15",numeric,Tr,trace,"31,1",numeric
93,"Batata, inglesa, frita","Verduras, hortaliças e derivados",33,34,"44,1",numeric,267,numeric,1118,numeric,"5,0",numeric,"13,1",numeric,NA,missing,"35,6",numeric,"8,1",numeric,"2,2",numeric,6,numeric,14,numeric,"0,15",numeric,70,numeric,"0,4",numeric,2,numeric,489,numeric,"0,10",numeric,"0,4",numeric,NA,missing,,missing,,missing,"0,17",numeric,Tr,trace,"0,10",numeric,"2,51",numeric,"16,3",numeric
94,"Batata, inglesa, sauté","Verduras, hortaliças e derivados",35,36,"83,1",numeric,68,numeric,284,numeric,"1,3",numeric,"0,9",numeric,NA,missing,"14,1",numeric,"1,4",numeric,"0,6",numeric,4,numeric,6,numeric,"0,08",numeric,32,numeric,"0,3",numeric,8,numeric,199,numeric,"0,05",numeric,"0,2",numeric,NA,missing,,missing,,missing,"0,07",numeric,Tr,trace,"0,09",numeric,"1,38",numeric,Tr,trace
95,"Berinjela, cozida","Verduras, hortaliças e derivados",35,36,"94,4",numeric,19,numeric,79,numeric,"0,7",numeric,"0,1",numeric,NA,missing,"4,5",numeric,"2,5",numeric,"0,3",numeric,11,numeric,9,numeric,"0,11",numeric,15,numeric,"0,2",numeric,1,numeric,105,numeric,"0,04",numeric,"0,1",numeric,NA,missing,,missing,,missing,"0,04",numeric,Tr,trace,Tr,trace,Tr,trace,Tr,trace
96,"Berinjela, crua","Verduras, hortaliças e derivados",35,36,"93,8",numeric,20,numeric,82,numeric,"1,2",numeric,"0,1",numeric,NA,missing,"4,4",numeric,"2,9",numeric,"0,4",numeric,9,numeric,13,numeric,"0,10",numeric,20,numeric,"0,2",numeric,Tr,trace,205,numeric,"0,06",numeric,"0,1",numeric,NA,missing,24,numeric,12,numeric,"0,04",numeric,"0,05",numeric,Tr,trace,Tr,trace,"3,0",numeric
97,"Beterraba, cozida","Verduras, hortaliças e derivados",35,36,"90,6",numeric,32,numeric,135,numeric,"1,3",numeric,"0,1",numeric,NA,missing,"7,2",numeric,"1,9",numeric,"0,8",numeric,15,numeric,17,numeric,"0,19",numeric,30,numeric,"0,2",numeric,23,numeric,245,numeric,"0,04",numeric,"0,4",numeric,NA,missing,,missing,,missing,"0,09",numeric,Tr,trace,Tr,trace,Tr,trace,"1,2",numeric
98,"Beterraba, crua","Verduras, hortaliças e derivados",35,36,"86,0",numeric,49,numeric,204,numeric,"1,9",numeric,"0,1",numeric,NA,missing,"11,1",numeric,"3,4",numeric,"0,9",numeric,18,numeric,24,numeric,"1,23",numeric,19,numeric,"0,3",numeric,10,numeric,375,numeric,"0,08",numeric,"0,5",numeric,NA,missing,,missing,,missing,"0,04",numeric,Tr,trace,"0,04",numeric,Tr,trace,"3,1",numeric
99,"Biscoito, polvilho doce","Verduras, hortaliças e derivados",35,36,"5,4",numeric,438,numeric,1831,numeric,"1,3",numeric,"12,2",numeric,9,numeric,"80,5",numeric,"1,2",numeric,"0,5",numeric,30,numeric,6,numeric,"0,08",numeric,23,numeric,"1,8",numeric,98,numeric,54,numeric,"0,04",numeric,"0,1",numeric,Tr,trace,,missing,,missing,Tr,trace,"0,03",numeric,"0,07",numeric,Tr,trace,Tr,trace
100,"Brócolis, cozido","Verduras, hortaliças e derivados",35,36,"92,6",numeric,25,numeric,103,numeric,"2,1",numeric,"0,5",numeric,NA,missing,"4,4",numeric,"3,4",numeric,"0,4",numeric,51,numeric,15,numeric,"0,12",numeric,33,numeric,"0,5",numeric,2,numeric,119,numeric,"0,08",numeric,"0,2",numeric,NA,missing,,missing,,missing,"0,04",numeric,"0,03",numeric,Tr,trace,Tr,trace,"42,0",numeric
101,"Brócolis, cru","Verduras, hortaliças e derivados",35,36,"91,2",numeric,25,numeric,107,numeric,"3,6",numeric,"0,3",numeric,NA,missing,"4,0",numeric,"2,9",numeric,"0,8",numeric,86,numeric,30,numeric,"0,26",numeric,78,numeric,"0,6",numeric,3,numeric,322,numeric,"0,06",numeric,"0,5",numeric,NA,missing,279,numeric,140,numeric,"0,12",numeric,"0,18",numeric,"0,08",numeric,"1,39",numeric,"34,3",numeric
102,"Cará, cozido","Verduras, hortaliças e derivados",35,36,"78,9",numeric,78,numeric,325,numeric,"1,5",numeric,"0,1",numeric,NA,missing,"18,9",numeric,"2,6",numeric,"0,6",numeric,5,numeric,15,numeric,"0,02",numeric,28,numeric,"0,3",numeric,1,numeric,203,numeric,"0,11",numeric,"0,2",numeric,NA,missing,,missing,,missing,"0,12",numeric,Tr,trace,"0,12",numeric,Tr,trace,Tr,trace
103,"Cará, cru","Verduras, hortaliças e derivados",35,36,"73,7",numeric,96,numeric,400,numeric,"2,3",numeric,"0,1",numeric,NA,missing,"23,0",numeric,"7,3",numeric,"0,9",numeric,4,numeric,11,numeric,"0,01",numeric,35,numeric,"0,2",numeric,Tr,trace,212,numeric,"0,06",numeric,"0,2",numeric,NA,missing,,missing,,missing,"0,11",numeric,Tr,trace,"0,02",numeric,Tr,trace,"8,8",numeric
104,"Caruru, cru","Verduras, hortaliças e derivados",35,36,"87,6",numeric,34,numeric,142,numeric,"3,2",numeric,"0,6",numeric,NA,missing,"6,0",numeric,"4,5",numeric,"2,6",numeric,455,numeric,197,numeric,"0,89",numeric,77,numeric,"4,5",numeric,14,numeric,279,numeric,"0,37",numeric,"6,0",numeric,NA,missing,1906,numeric,953,numeric,Tr,trace,"0,10",numeric,"0,11",numeric,Tr,trace,"5,4",numeric
105,"Catalonha, crua","Verduras, hortaliças e derivados",35,36,"91,8",numeric,24,numeric,100,numeric,"1,9",numeric,"0,3",numeric,NA,missing,"4,8",numeric,"2,0",numeric,"1,3",numeric,57,numeric,17,numeric,"0,34",numeric,32,numeric,"3,1",numeric,9,numeric,412,numeric,"0,27",numeric,"0,5",numeric,NA,missing,,missing,,missing,Tr,trace,"0,03",numeric,"0,36",numeric,"1,54",numeric,"7,3",numeric
106,"Catalonha, refogada","Verduras, hortaliças e derivados",35,36,"87,4",numeric,63,numeric,265,numeric,"2,0",numeric,"4,8",numeric,NA,missing,"4,8",numeric,"3,7",numeric,"1,0",numeric,63,numeric,16,numeric,"0,64",numeric,35,numeric,"1,2",numeric,25,numeric,452,numeric,"0,18",numeric,"0,4",numeric,NA,missing,850,numeric,425,numeric,"0,04",numeric,Tr,trace,"0,03",numeric,"0,60",numeric,Tr,trace
107,"Cebola, crua","Verduras, hortaliças e derivados",35,36,"88,9",numeric,39,numeric,165,numeric,"1,7",numeric,"0,1",numeric,NA,missing,"8,9",numeric,"2,2",numeric,"0,4",numeric,14,numeric,12,numeric,"0,13",numeric,38,numeric,"0,2",numeric,1,numeric,176,numeric,"0,05",numeric,"0,2",numeric,NA,missing,,missing,,missing,"0,04",numeric,Tr,trace,"0,14",numeric,Tr,trace,"4,7",numeric
108,"Cebolinha, crua","Verduras, hortaliças e derivados",35,36,"93,9",numeric,20,numeric,82,numeric,"1,9",numeric,"0,4",numeric,NA,missing,"3,4",numeric,"3,6",numeric,"0,5",numeric,80,numeric,25,numeric,"0,13",numeric,27,numeric,"0,6",numeric,2,numeric,206,numeric,"0,04",numeric,"0,3",numeric,NA,missing,134,numeric,67,numeric,"0,03",numeric,"0,04",numeric,"0,08",numeric,Tr,trace,"31,8",numeric
109,"Cenoura, cozida","Verduras, hortaliças e derivados",35,36,"91,7",numeric,30,numeric,125,numeric,"0,8",numeric,"0,2",numeric,NA,missing,"6,7",numeric,"2,6",numeric,"0,6",numeric,26,numeric,14,numeric,"0,05",numeric,27,numeric,"0,1",numeric,8,numeric,176,numeric,"0,02",numeric,"0,2",numeric,NA,missing,612,numeric,306,numeric,"0,07",numeric,Tr,trace,"0,06",numeric,"2,68",numeric,Tr,trace
110,"Cenoura, crua","Verduras, hortaliças e derivados",35,36,"90,1",numeric,34,numeric,143,numeric,"1,3",numeric,"0,2",numeric,NA,missing,"7,7",numeric,"3,2",numeric,"0,9",numeric,23,numeric,11,numeric,"0,05",numeric,28,numeric,"0,2",numeric,3,numeric,315,numeric,"0,05",numeric,"0,2",numeric,NA,missing,1326,numeric,663,numeric,Tr,trace,Tr,trace,"0,05",numeric,Tr,trace,"5,1",numeric
111,"Chicória, crua","Verduras, hortaliças e derivados",35,36,"95,1",numeric,14,numeric,58,numeric,"1,1",numeric,"0,1",numeric,NA,missing,"2,9",numeric,"2,2",numeric,"0,8",numeric,45,numeric,14,numeric,"0,13",numeric,13,numeric,"0,5",numeric,14,numeric,425,numeric,"0,04",numeric,"0,1",numeric,NA,missing,,missing,,missing,"0,03",numeric,"0,10",numeric,Tr,trace,"0,68",numeric,"6,5",numeric
112,"Chuchu, cozido","Verduras, hortaliças e derivados",35,36,"94,6",numeric,19,numeric,78,numeric,"0,4",numeric,Tr,trace,NA,missing,"4,8",numeric,"1,0",numeric,"0,2",numeric,8,numeric,7,numeric,"0,07",numeric,13,numeric,"0,1",numeric,2,numeric,54,numeric,Tr,trace,"0,1",numeric,NA,missing,,missing,,missing,"0,03",numeric,Tr,trace,Tr,trace,Tr,trace,"5,6",numeric
113,"Chuchu, cru","Verduras, hortaliças e derivados",35,36,"94,8",numeric,17,numeric,71,numeric,"0,7",numeric,"0,1",numeric,NA,missing,"4,1",numeric,"1,3",numeric,"0,3",numeric,12,numeric,7,numeric,"0,08",numeric,18,numeric,"0,2",numeric,Tr,trace,126,numeric,"0,03",numeric,"0,1",numeric,NA,missing,,missing,,missing,Tr,trace,Tr,trace,Tr,trace,Tr,trace,"10,6",numeric
114,"Coentro, folhas desidratadas","Verduras, hortaliças e derivados",35,36,"10,6",numeric,309,numeric,1293,numeric,"20,9",numeric,"10,4",numeric,NA,missing,"48,0",numeric,"37,3",numeric,"10,2",numeric,784,numeric,393,numeric,"10,48",numeric,388,numeric,"81,4",numeric,18,numeric,3223,numeric,"4,09",numeric,"4,7",numeric,NA,missing,,missing,,missing,"0,10",numeric,"0,11",numeric,"0,09",numeric,Tr,trace,"40,8",numeric
115,"Couve, manteiga, crua","Verduras, hortaliças e derivados",35,36,"90,9",numeric,27,numeric,113,numeric,"2,9",numeric,"0,5",numeric,NA,missing,"4,3",numeric,"3,1",numeric,"1,3",numeric,131,numeric,35,numeric,"1,02",numeric,49,numeric,"0,5",numeric,6,numeric,403,numeric,"0,06",numeric,"0,4",numeric,NA,missing,496,numeric,248,numeric,"0,20",numeric,"0,31",numeric,"0,06",numeric,"2,29",numeric,"96,7",numeric
116,"Couve, manteiga, refogada","Verduras, hortaliças e derivados",35,36,"81,5",numeric,90,numeric,378,numeric,"1,7",numeric,"6,6",numeric,NA,missing,"8,7",numeric,"5,7",numeric,"1,5",numeric,177,numeric,26,numeric,"0,12",numeric,33,numeric,"0,5",numeric,11,numeric,315,numeric,"0,02",numeric,"0,2",numeric,NA,missing,384,numeric,192,numeric,Tr,trace,"0,05",numeric,"0,07",numeric,Tr,trace,"76,9",numeric
117,"Couve-flor, crua","Verduras, hortaliças e derivados",35,36,"92,8",numeric,23,numeric,94,numeric,"1,9",numeric,"0,2",numeric,NA,missing,"4,5",numeric,"2,4",numeric,"0,6",numeric,18,numeric,12,numeric,"0,16",numeric,57,numeric,"0,5",numeric,3,numeric,256,numeric,"0,03",numeric,"0,3",numeric,NA,missing,2,numeric,1,numeric,"0,03",numeric,"0,09",numeric,"0,10",numeric,Tr,trace,"36,1",numeric
118,"Couve-flor, cozida","Verduras, hortaliças e derivados",35,36,"94,3",numeric,19,numeric,80,numeric,"1,2",numeric,"0,3",numeric,NA,missing,"3,9",numeric,"2,1",numeric,"0,3",numeric,16,numeric,5,numeric,"0,10",numeric,25,numeric,"0,1",numeric,2,numeric,80,numeric,Tr,trace,"0,3",numeric,NA,missing,,missing,,missing,"0,04",numeric,Tr,trace,Tr,trace,Tr,trace,"23,7",numeric
119,"Espinafre, Nova Zelândia, cru","Verduras, hortaliças e derivados",35,36,"94,0",numeric,16,numeric,67,numeric,"2,0",numeric,"0,2",numeric,NA,missing,"2,6",numeric,"2,1",numeric,"1,2",numeric,98,numeric,82,numeric,"0,71",numeric,25,numeric,"0,4",numeric,17,numeric,336,numeric,"0,06",numeric,"0,3",numeric,NA,missing,484,numeric,242,numeric,"0,10",numeric,"0,21",numeric,"0,06",numeric,Tr,trace,"2,4",numeric
120,"Espinafre, Nova Zelândia, refogado","Verduras, hortaliças e derivados",35,36,"86,6",numeric,67,numeric,281,numeric,"2,7",numeric,"5,4",numeric,NA,missing,"4,2",numeric,"2,5",numeric,"1,0",numeric,112,numeric,123,numeric,"0,61",numeric,34,numeric,"0,6",numeric,47,numeric,149,numeric,"0,04",numeric,"0,6",numeric,NA,missing,624,numeric,312,numeric,"0,08",numeric,"0,13",numeric,"0,13",numeric,Tr,trace,"5,3",numeric
121,"Farinha, de mandioca, crua","Verduras, hortaliças e derivados",35,36,"9,4",numeric,361,numeric,1510,numeric,"1,6",numeric,"0,3",numeric,NA,missing,"87,9",numeric,"6,4",numeric,"0,9",numeric,65,numeric,37,numeric,Tr,trace,42,numeric,"1,1",numeric,1,numeric,340,numeric,"0,08",numeric,"0,4",numeric,NA,missing,,missing,,missing,"0,14",numeric,Tr,trace,"0,04",numeric,Tr,trace,Tr,trace
122,"Farinha, de mandioca, torrada","Verduras, hortaliças e derivados",35,36,"8,3",numeric,365,numeric,1528,numeric,"1,2",numeric,"0,3",numeric,NA,missing,"89,2",numeric,"6,5",numeric,"1,0",numeric,76,numeric,40,numeric,"0,37",numeric,39,numeric,"1,2",numeric,10,numeric,328,numeric,Tr,trace,"0,4",numeric,NA,missing,,missing,,missing,Tr,trace,Tr,trace,"0,81",numeric,Tr,trace,Tr,trace
123,"Farinha, de puba","Verduras, hortaliças e derivados",35,36,"9,8",numeric,360,numeric,1507,numeric,"1,6",numeric,"0,5",numeric,NA,missing,"87,3",numeric,"4,2",numeric,"0,8",numeric,41,numeric,27,numeric,"0,16",numeric,33,numeric,"1,4",numeric,4,numeric,338,numeric,"0,07",numeric,"0,3",numeric,NA,missing,,missing,,missing,"0,09",numeric,Tr,trace,Tr,trace,Tr,trace,Tr,trace
124,"Fécula, de mandioca","Verduras, hortaliças e derivados",35,36,"17,8",numeric,331,numeric,1384,numeric,"0,5",numeric,"0,3",numeric,NA,missing,"81,1",numeric,"0,6",numeric,"0,3",numeric,12,numeric,3,numeric,Tr,trace,60,numeric,"0,1",numeric,2,numeric,48,numeric,Tr,trace,Tr,trace,NA,missing,,missing,,missing,"0,03",numeric,Tr,trace,Tr,trace,Tr,trace,Tr,trace
125,"Feijão, broto, cru","Verduras, hortaliças e derivados",35,36,"87,5",numeric,39,numeric,162,numeric,"4,2",numeric,"0,1",numeric,NA,missing,"7,8",numeric,"2,0",numeric,"0,5",numeric,14,numeric,25,numeric,"0,19",numeric,75,numeric,"0,8",numeric,2,numeric,189,numeric,"0,17",numeric,"0,6",numeric,NA,missing,,missing,,missing,Tr,trace,"0,04",numeric,"0,15",numeric,Tr,trace,"12,0",numeric
126,"Inhame, cru","Verduras, hortaliças e derivados",37,38,"73,3",numeric,97,numeric,405,numeric,"2,1",numeric,"0,2",numeric,NA,missing,"23,2",numeric,"1,7",numeric,"1,2",numeric,12,numeric,29,numeric,"0,15",numeric,65,numeric,"0,4",numeric,Tr,trace,568,numeric,"0,17",numeric,"0,3",numeric,NA,missing,,missing,,missing,"0,08",numeric,Tr,trace,"0,11",numeric,Tr,trace,"5,6",numeric
127,"Jiló, cru","Verduras, hortaliças e derivados",37,38,"91,6",numeric,27,numeric,114,numeric,"1,4",numeric,"0,2",numeric,NA,missing,"6,2",numeric,"4,8",numeric,"0,6",numeric,20,numeric,21,numeric,"0,14",numeric,29,numeric,"0,3",numeric,Tr,trace,213,numeric,"0,07",numeric,"0,1",numeric,NA,missing,13,numeric,6,numeric,"0,07",numeric,"0,04",numeric,Tr,trace,Tr,trace,"6,8",numeric
128,"Jurubeba, crua","Verduras, hortaliças e derivados",37,38,"66,6",numeric,126,numeric,526,numeric,"4,4",numeric,"3,9",numeric,NA,missing,"23,1",numeric,"23,9",numeric,"2,0",numeric,151,numeric,65,numeric,"0,52",numeric,155,numeric,"0,9",numeric,1,numeric,619,numeric,"1,16",numeric,"0,6",numeric,NA,missing,,missing,,missing,"0,13",numeric,"0,02",numeric,"0,20",numeric,Tr,trace,"13,8",numeric
129,"Mandioca, cozida","Verduras, hortaliças e derivados",37,38,"68,7",numeric,125,numeric,524,numeric,"0,6",numeric,"0,3",numeric,NA,missing,"30,1",numeric,"1,6",numeric,"0,4",numeric,19,numeric,27,numeric,"0,06",numeric,22,numeric,"0,1",numeric,1,numeric,100,numeric,"0,01",numeric,"0,2",numeric,NA,missing,,missing,,missing,"0,06",numeric,Tr,trace,"0,03",numeric,Tr,trace,"11,1",numeric
130,"Mandioca, crua","Verduras, hortaliças e derivados",37,38,"61,8",numeric,151,numeric,634,numeric,"1,1",numeric,"0,3",numeric,NA,missing,"36,2",numeric,"1,9",numeric,"0,6",numeric,15,numeric,44,numeric,"0,05",numeric,29,numeric,"0,3",numeric,2,numeric,208,numeric,"0,07",numeric,"0,2",numeric,NA,missing,,missing,,missing,Tr,trace,Tr,trace,"0,04",numeric,Tr,trace,"16,5",numeric
131,"Mandioca, farofa, temperada","Verduras, hortaliças e derivados",37,38,"6,4",numeric,406,numeric,1697,numeric,"2,1",numeric,"9,1",numeric,NA,missing,"80,3",numeric,"7,8",numeric,"2,1",numeric,66,numeric,34,numeric,"0,29",numeric,45,numeric,"1,4",numeric,575,numeric,201,numeric,Tr,trace,"0,2",numeric,NA,missing,,missing,,missing,"0,10",numeric,Tr,trace,"0,15",numeric,Tr,trace,Tr,trace
132,"Mandioca, frita","Verduras, hortaliças e derivados",37,38,"36,6",numeric,300,numeric,1255,numeric,"1,4",numeric,"11,2",numeric,NA,missing,"50,3",numeric,"1,9",numeric,"0,6",numeric,23,numeric,95,numeric,"0,18",numeric,57,numeric,"0,3",numeric,9,numeric,176,numeric,"0,12",numeric,"0,4",numeric,NA,missing,,missing,,missing,"0,05",numeric,Tr,trace,"0,04",numeric,Tr,trace,Tr,trace
133,"Manjericão, cru","Verduras, hortaliças e derivados",37,38,"93,0",numeric,21,numeric,88,numeric,"2,0",numeric,"0,4",numeric,NA,missing,"3,6",numeric,"3,3",numeric,"1,0",numeric,211,numeric,58,numeric,"0,17",numeric,40,numeric,"1,0",numeric,4,numeric,252,numeric,"0,16",numeric,"0,5",numeric,NA,missing,1035,numeric,517,numeric,"0,06",numeric,"0,21",numeric,"0,06",numeric,"0,90",numeric,"2,3",numeric
134,"Maxixe, cru","Verduras, hortaliças e derivados",37,38,"95,1",numeric,14,numeric,58,numeric,"1,4",numeric,"0,1",numeric,NA,missing,"2,7",numeric,"2,2",numeric,"0,7",numeric,21,numeric,10,numeric,"0,07",numeric,25,numeric,"0,4",numeric,11,numeric,328,numeric,"0,02",numeric,"0,2",numeric,NA,missing,6,numeric,3,numeric,"0,06",numeric,"0,02",numeric,"0,04",numeric,Tr,trace,"9,6",numeric
135,"Mostarda, folha, crua","Verduras, hortaliças e derivados",37,38,"93,4",numeric,18,numeric,76,numeric,"2,1",numeric,"0,2",numeric,NA,missing,"3,2",numeric,"1,9",numeric,"1,1",numeric,68,numeric,16,numeric,"0,14",numeric,58,numeric,"1,1",numeric,3,numeric,364,numeric,"0,05",numeric,"0,3",numeric,NA,missing,,missing,,missing,"0,05",numeric,"0,04",numeric,"0,05",numeric,Tr,trace,"38,6",numeric
136,"Nhoque, batata, cozido","Verduras, hortaliças e derivados",37,38,"55,0",numeric,181,numeric,756,numeric,"5,9",numeric,"1,9",numeric,15,numeric,"36,8",numeric,"1,8",numeric,"0,5",numeric,11,numeric,18,numeric,"0,30",numeric,68,numeric,"1,6",numeric,7,numeric,164,numeric,"0,10",numeric,"0,5",numeric,15,numeric,,missing,,missing,"0,08",numeric,Tr,trace,"0,04",numeric,Tr,trace,Tr,trace
137,"Nabo, cru","Verduras, hortaliças e derivados",37,38,"93,8",numeric,18,numeric,76,numeric,"1,2",numeric,"0,1",numeric,NA,missing,"4,1",numeric,"2,6",numeric,"0,8",numeric,42,numeric,15,numeric,"4,42",numeric,17,numeric,"0,2",numeric,2,numeric,280,numeric,"0,02",numeric,"0,2",numeric,NA,missing,,missing,,missing,"0,07",numeric,Tr,trace,"0,03",numeric,Tr,trace,"9,6",numeric
138,"Palmito, juçara, em conserva","Verduras, hortaliças e derivados",37,38,"91,4",numeric,23,numeric,97,numeric,"1,8",numeric,"0,4",numeric,NA,missing,"4,3",numeric,"3,2",numeric,"2,1",numeric,58,numeric,34,numeric,"10,82",numeric,40,numeric,"0,3",numeric,514,numeric,244,numeric,"0,23",numeric,"0,7",numeric,NA,missing,,missing,,missing,"0,06",numeric,"0,04",numeric,Tr,trace,Tr,trace,"2,0",numeric
139,"Palmito, pupunha, em conserva","Verduras, hortaliças e derivados",37,38,"89,4",numeric,29,numeric,123,numeric,"2,5",numeric,"0,5",numeric,NA,missing,"5,5",numeric,"2,6",numeric,"2,1",numeric,32,numeric,25,numeric,"0,14",numeric,55,numeric,"0,2",numeric,563,numeric,206,numeric,"0,08",numeric,"0,4",numeric,NA,missing,,missing,,missing,"0,03",numeric,Tr,trace,Tr,trace,Tr,trace,"8,7",numeric
140,"Pão, de queijo, assado","Verduras, hortaliças e derivados",37,38,"33,7",numeric,363,numeric,1519,numeric,"5,1",numeric,"24,6",numeric,68,numeric,"34,2",numeric,"0,6",numeric,"2,3",numeric,102,numeric,8,numeric,"0,03",numeric,94,numeric,"0,3",numeric,773,numeric,93,numeric,"0,01",numeric,"0,6",numeric,61,numeric,,missing,,missing,"0,04",numeric,"0,10",numeric,"0,04",numeric,Tr,trace,,missing
141,"Pão, de queijo, cru","Verduras, hortaliças e derivados",37,38,"41,8",numeric,295,numeric,1232,numeric,"3,6",numeric,"14,0",numeric,63,numeric,"38,5",numeric,"1,0",numeric,"2,0",numeric,88,numeric,7,numeric,Tr,trace,79,numeric,"0,3",numeric,405,numeric,58,numeric,Tr,trace,"0,4",numeric,48,numeric,,missing,,missing,Tr,trace,"0,08",numeric,Tr,trace,Tr,trace,,missing
142,"Pepino, cru","Verduras, hortaliças e derivados",37,38,"96,8",numeric,10,numeric,40,numeric,"0,9",numeric,Tr,trace,NA,missing,"2,0",numeric,"1,1",numeric,"0,3",numeric,10,numeric,9,numeric,"0,08",numeric,12,numeric,"0,1",numeric,Tr,trace,154,numeric,"0,04",numeric,"0,1",numeric,NA,missing,4,numeric,2,numeric,Tr,trace,"0,03",numeric,Tr,trace,Tr,trace,"5,0",numeric
143,"Pimentão, amarelo, cru","Verduras, hortaliças e derivados",37,38,"91,9",numeric,28,numeric,117,numeric,"1,2",numeric,"0,4",numeric,NA,missing,"6,0",numeric,"1,9",numeric,"0,5",numeric,10,numeric,11,numeric,"0,08",numeric,22,numeric,"0,4",numeric,Tr,trace,221,numeric,"0,04",numeric,"0,2",numeric,NA,missing,40,numeric,20,numeric,"0,04",numeric,"0,03",numeric,"0,06",numeric,Tr,trace,"201,4",numeric
144,"Pimentão, verde, cru","Verduras, hortaliças e derivados",37,38,"93,5",numeric,21,numeric,89,numeric,"1,1",numeric,"0,2",numeric,NA,missing,"4,9",numeric,"2,6",numeric,"0,4",numeric,9,numeric,8,numeric,"0,14",numeric,17,numeric,"0,4",numeric,Tr,trace,174,numeric,"0,07",numeric,"0,1",numeric,NA,missing,46,numeric,23,numeric,Tr,trace,Tr,trace,Tr,trace,Tr,trace,"100,2",numeric
145,"Pimentão, vermelho, cru","Verduras, hortaliças e derivados",37,38,"92,9",numeric,23,numeric,97,numeric,"1,0",numeric,"0,1",numeric,NA,missing,"5,5",numeric,"1,6",numeric,"0,4",numeric,6,numeric,11,numeric,"0,06",numeric,20,numeric,"0,3",numeric,Tr,trace,211,numeric,"0,04",numeric,"0,2",numeric,NA,missing,96,numeric,48,numeric,"0,05",numeric,"0,06",numeric,"0,02",numeric,Tr,trace,"158,2",numeric
146,"Polvilho, doce","Verduras, hortaliças e derivados",37,38,"12,6",numeric,351,numeric,1470,numeric,"0,4",numeric,Tr,trace,NA,missing,"86,8",numeric,"0,2",numeric,"0,2",numeric,27,numeric,4,numeric,"0,09",numeric,8,numeric,"0,5",numeric,2,numeric,38,numeric,Tr,trace,Tr,trace,NA,missing,,missing,,missing,Tr,trace,Tr,trace,Tr,trace,Tr,trace,Tr,trace
147,"Quiabo, cru","Verduras, hortaliças e derivados",37,38,"90,6",numeric,30,numeric,125,numeric,"1,9",numeric,"0,3",numeric,NA,missing,"6,4",numeric,"4,6",numeric,"0,8",numeric,112,numeric,50,numeric,"0,46",numeric,56,numeric,"0,4",numeric,1,numeric,249,numeric,"0,17",numeric,"0,6",numeric,NA,missing,49,numeric,25,numeric,"0,10",numeric,Tr,trace,"0,03",numeric,Tr,trace,"5,6",numeric
148,"Rabanete, cru","Verduras, hortaliças e derivados",37,38,"95,1",numeric,14,numeric,57,numeric,"1,4",numeric,"0,1",numeric,NA,missing,"2,7",numeric,"2,2",numeric,"0,7",numeric,21,numeric,10,numeric,"0,07",numeric,25,numeric,"0,4",numeric,11,numeric,328,numeric,"0,02",numeric,"0,2",numeric,NA,missing,,missing,,missing,"0,06",numeric,"0,02",numeric,"0,04",numeric,Tr,trace,"9,6",numeric
149,"Repolho, branco, cru","Verduras, hortaliças e derivados",37,38,"94,7",numeric,17,numeric,72,numeric,"0,9",numeric,"0,1",numeric,NA,missing,"3,9",numeric,"1,9",numeric,"0,4",numeric,35,numeric,9,numeric,"0,13",numeric,14,numeric,"0,2",numeric,4,numeric,150,numeric,"0,02",numeric,"0,2",numeric,NA,missing,6,numeric,3,numeric,Tr,trace,"0,03",numeric,"0,06",numeric,Tr,trace,"18,7",numeric
150,"Repolho, roxo, cru","Verduras, hortaliças e derivados",37,38,"90,1",numeric,31,numeric,129,numeric,"1,9",numeric,"0,1",numeric,NA,missing,"7,2",numeric,"2,0",numeric,"0,7",numeric,44,numeric,18,numeric,"0,25",numeric,58,numeric,"0,5",numeric,2,numeric,328,numeric,"0,90",numeric,"0,3",numeric,NA,missing,,missing,,missing,"0,07",numeric,Tr,trace,"0,09",numeric,Tr,trace,"43,2",numeric
151,"Repolho, roxo, refogado","Verduras, hortaliças e derivados",37,38,"88,7",numeric,42,numeric,175,numeric,"1,8",numeric,"1,2",numeric,NA,missing,"7,6",numeric,"1,8",numeric,"0,7",numeric,43,numeric,17,numeric,"0,26",numeric,59,numeric,"0,5",numeric,3,numeric,321,numeric,"0,02",numeric,"0,3",numeric,NA,missing,,missing,,missing,"0,07",numeric,Tr,trace,"0,07",numeric,"0,63",numeric,"40,5",numeric
152,"Rúcula, crua","Verduras, hortaliças e derivados",37,38,"94,8",numeric,13,numeric,55,numeric,"1,8",numeric,"0,1",numeric,NA,missing,"2,2",numeric,"1,7",numeric,"1,1",numeric,117,numeric,18,numeric,"0,24",numeric,25,numeric,"0,9",numeric,9,numeric,233,numeric,"0,04",numeric,"0,2",numeric,NA,missing,533,numeric,266,numeric,"0,04",numeric,Tr,trace,Tr,trace,"0,35",numeric,"46,3",numeric
153,"Salsa, crua","Verduras, hortaliças e derivados",37,38,"88,7",numeric,33,numeric,140,numeric,"3,3",numeric,"0,6",numeric,NA,missing,"5,7",numeric,"1,9",numeric,"1,8",numeric,179,numeric,21,numeric,"1,88",numeric,49,numeric,"3,2",numeric,2,numeric,711,numeric,"0,20",numeric,"1,3",numeric,NA,missing,1743,numeric,872,numeric,"0,12",numeric,"0,15",numeric,"0,47",numeric,"0,72",numeric,"51,7",numeric
154,"Seleta de legumes, enlatada","Verduras, hortaliças e derivados",37,38,"82,1",numeric,57,numeric,237,numeric,"3,4",numeric,"0,4",numeric,NA,missing,"12,7",numeric,"3,1",numeric,"1,4",numeric,16,numeric,16,numeric,"0,13",numeric,49,numeric,"1,1",numeric,398,numeric,122,numeric,"0,08",numeric,"0,5",numeric,NA,missing,244,numeric,122,numeric,"0,03",numeric,Tr,trace,Tr,trace,"3,72",numeric,Tr,trace
155,"Serralha, crua","Verduras, hortaliças e derivados",37,38,"90,2",numeric,30,numeric,127,numeric,"2,7",numeric,"0,7",numeric,NA,missing,"4,9",numeric,"3,5",numeric,"1,4",numeric,126,numeric,30,numeric,"0,23",numeric,48,numeric,"1,3",numeric,19,numeric,265,numeric,"0,20",numeric,"1,3",numeric,NA,missing,1134,numeric,567,numeric,Tr,trace,"0,11",numeric,"0,08",numeric,Tr,trace,"1,5",numeric
156,"Taioba, crua","Verduras, hortaliças e derivados",37,38,"89,2",numeric,34,numeric,143,numeric,"2,9",numeric,"0,9",numeric,NA,missing,"5,4",numeric,"4,5",numeric,"1,5",numeric,141,numeric,38,numeric,"0,66",numeric,53,numeric,"1,9",numeric,1,numeric,290,numeric,"0,16",numeric,"0,6",numeric,NA,missing,1160,numeric,580,numeric,Tr,trace,"0,10",numeric,"0,10",numeric,Tr,trace,"17,9",numeric
157,"Tomate, com semente, cru","Verduras, hortaliças e derivados",37,38,"95,1",numeric,15,numeric,64,numeric,"1,1",numeric,"0,2",numeric,NA,missing,"3,1",numeric,"1,2",numeric,"0,5",numeric,7,numeric,11,numeric,"0,07",numeric,20,numeric,"0,2",numeric,1,numeric,222,numeric,"0,04",numeric,"0,1",numeric,NA,missing,54,numeric,27,numeric,"0,12",numeric,Tr,trace,"0,02",numeric,Tr,trace,"21,2",numeric
158,"Tomate, extrato","Verduras, hortaliças e derivados",39,40,"79,7",numeric,61,numeric,255,numeric,"2,4",numeric,"0,2",numeric,NA,missing,"15,0",numeric,"2,8",numeric,"2,8",numeric,29,numeric,29,numeric,"0,18",numeric,47,numeric,"2,1",numeric,498,numeric,680,numeric,"0,20",numeric,"0,4",numeric,NA,missing,166,numeric,83,numeric,Tr,trace,Tr,trace,"0,11",numeric,"2,42",numeric,"18,0",numeric
159,"Tomate, molho industrializado","Verduras, hortaliças e derivados",39,40,"88,1",numeric,38,numeric,161,numeric,"1,4",numeric,"0,9",numeric,NA,missing,"7,7",numeric,"3,1",numeric,"1,9",numeric,12,numeric,17,numeric,"0,08",numeric,27,numeric,"1,6",numeric,418,numeric,388,numeric,"0,08",numeric,"0,1",numeric,NA,missing,76,numeric,38,numeric,Tr,trace,Tr,trace,"0,06",numeric,Tr,trace,"2,7",numeric
160,"Tomate, purê","Verduras, hortaliças e derivados",39,40,"90,8",numeric,28,numeric,117,numeric,"1,4",numeric,Tr,trace,NA,missing,"6,9",numeric,"1,0",numeric,"1,0",numeric,13,numeric,15,numeric,,missing,30,numeric,"1,3",numeric,104,numeric,308,numeric,"0,09",numeric,"0,3",numeric,NA,missing,90,numeric,45,numeric,Tr,trace,Tr,trace,"0,07",numeric,"1,18",numeric,"5,4",numeric
161,"Tomate, salada","Verduras, hortaliças e derivados",39,40,"93,6",numeric,21,numeric,86,numeric,"0,8",numeric,Tr,trace,NA,missing,"5,1",numeric,"2,3",numeric,"0,4",numeric,7,numeric,10,numeric,"0,04",numeric,23,numeric,"0,3",numeric,5,numeric,161,numeric,"0,07",numeric,"0,2",numeric,NA,missing,,missing,,missing,"0,06",numeric,"0,04",numeric,"0,05",numeric,Tr,trace,"12,8",numeric
162,"Vagem, crua","Verduras, hortaliças e derivados",39,40,"92,2",numeric,25,numeric,104,numeric,"1,8",numeric,"0,2",numeric,NA,missing,"5,3",numeric,"2,4",numeric,"0,5",numeric,41,numeric,18,numeric,"0,50",numeric,28,numeric,"0,4",numeric,Tr,trace,208,numeric,"0,06",numeric,"0,3",numeric,NA,missing,32,numeric,16,numeric,Tr,trace,"0,08",numeric,Tr,trace,Tr,trace,"1,2",numeric
163,"Abacate, cru",Frutas e derivados,39,40,"83,8",numeric,96,numeric,402,numeric,"1,2",numeric,"8,4",numeric,NA,missing,"6,0",numeric,"6,3",numeric,"0,5",numeric,8,numeric,15,numeric,"0,17",numeric,22,numeric,"0,2",numeric,Tr,trace,206,numeric,"0,15",numeric,"0,2",numeric,NA,missing,,missing,,missing,Tr,trace,"0,04",numeric,Tr,trace,Tr,trace,"8,7",numeric
164,"Abacaxi, cru",Frutas e derivados,39,40,"86,3",numeric,48,numeric,202,numeric,"0,9",numeric,"0,1",numeric,NA,missing,"12,3",numeric,"1,0",numeric,"0,4",numeric,22,numeric,18,numeric,"1,62",numeric,13,numeric,"0,3",numeric,Tr,trace,131,numeric,"0,11",numeric,"0,1",numeric,NA,missing,,missing,,missing,"0,17",numeric,"0,02",numeric,Tr,trace,Tr,trace,"34,6",numeric
165,"Abacaxi, polpa, congelada",Frutas e derivados,39,40,"91,3",numeric,31,numeric,128,numeric,"0,5",numeric,"0,1",numeric,NA,missing,"7,8",numeric,"0,3",numeric,"0,3",numeric,14,numeric,10,numeric,"1,02",numeric,8,numeric,"0,4",numeric,1,numeric,107,numeric,"0,04",numeric,"0,1",numeric,NA,missing,2,numeric,1,numeric,"0,05",numeric,Tr,trace,Tr,trace,Tr,trace,"1,2",numeric
166,"Abiu, cru",Frutas e derivados,39,40,"83,1",numeric,62,numeric,261,numeric,"0,8",numeric,"0,7",numeric,NA,missing,"14,9",numeric,"1,7",numeric,"0,4",numeric,6,numeric,9,numeric,"0,08",numeric,20,numeric,"0,2",numeric,Tr,trace,128,numeric,"0,09",numeric,"0,1",numeric,NA,missing,,missing,,missing,Tr,trace,"0,04",numeric,"0,05",numeric,Tr,trace,"10,3",numeric
167,"Açaí, polpa, com xarope de guaraná e glucose",Frutas e derivados,39,40,"73,9",numeric,110,numeric,461,numeric,"0,7",numeric,"3,7",numeric,NA,missing,"21,5",numeric,"1,7",numeric,"0,3",numeric,22,numeric,13,numeric,"3,29",numeric,11,numeric,"0,3",numeric,15,numeric,75,numeric,"0,14",numeric,"0,2",numeric,NA,missing,,missing,,missing,Tr,trace,Tr,trace,"0,07",numeric,Tr,trace,"10,3",numeric
168,"Açaí, polpa, congelada",Frutas e derivados,39,40,"88,7",numeric,58,numeric,243,numeric,"0,8",numeric,"3,9",numeric,NA,missing,"6,2",numeric,"2,6",numeric,"0,3",numeric,35,numeric,17,numeric,"6,16",numeric,16,numeric,"0,4",numeric,5,numeric,124,numeric,"0,18",numeric,"0,3",numeric,NA,missing,,missing,,missing,Tr,trace,"0,04",numeric,"0,07",numeric,Tr,trace,Tr,trace
169,"Acerola, crua",Frutas e derivados,39,40,"90,5",numeric,33,numeric,140,numeric,"0,9",numeric,"0,2",numeric,NA,missing,"8,0",numeric,"1,5",numeric,"0,4",numeric,13,numeric,13,numeric,"0,07",numeric,9,numeric,"0,2",numeric,Tr,trace,165,numeric,"0,07",numeric,"0,1",numeric,NA,missing,247,numeric,124,numeric,Tr,trace,"0,04",numeric,Tr,trace,"1,38",numeric,"941,4",numeric
170,"Acerola, polpa, congelada",Frutas e derivados,39,40,"93,6",numeric,22,numeric,92,numeric,"0,6",numeric,Tr,trace,NA,missing,"5,5",numeric,"0,7",numeric,"0,3",numeric,8,numeric,9,numeric,"0,03",numeric,13,numeric,"0,2",numeric,1,numeric,112,numeric,"0,04",numeric,"0,1",numeric,NA,missing,192,numeric,96,numeric,Tr,trace,"0,10",numeric,Tr,trace,Tr,trace,"623,2",numeric
171,"Ameixa, calda, enlatada",Frutas e derivados,39,40,"52,2",numeric,183,numeric,765,numeric,"0,4",numeric,Tr,trace,NA,missing,"46,9",numeric,"0,5",numeric,"0,5",numeric,13,numeric,10,numeric,"0,10",numeric,21,numeric,"2,2",numeric,3,numeric,221,numeric,"0,03",numeric,"0,1",numeric,NA,missing,,missing,,missing,Tr,trace,"0,23",numeric,"0,37",numeric,Tr,trace,"4,3",numeric
172,"Ameixa, crua",Frutas e derivados,39,40,"84,8",numeric,53,numeric,220,numeric,"0,8",numeric,Tr,trace,NA,missing,"13,9",numeric,"2,4",numeric,"0,6",numeric,6,numeric,5,numeric,"0,03",numeric,14,numeric,"0,1",numeric,Tr,trace,134,numeric,"0,06",numeric,"0,1",numeric,NA,missing,27,numeric,14,numeric,"0,07",numeric,Tr,trace,"0,03",numeric,Tr,trace,"7,6",numeric
173,"Ameixa, em calda, enlatada, drenada",Frutas e derivados,39,40,"50,3",numeric,177,numeric,742,numeric,"1,0",numeric,"0,3",numeric,NA,missing,"47,7",numeric,"4,5",numeric,"0,7",numeric,39,numeric,14,numeric,"0,20",numeric,26,numeric,"2,7",numeric,3,numeric,263,numeric,"0,16",numeric,"0,2",numeric,NA,missing,,missing,,missing,Tr,trace,"0,22",numeric,"0,08",numeric,Tr,trace,"5,2",numeric
174,"Atemóia, crua",Frutas e derivados,39,40,"72,7",numeric,97,numeric,406,numeric,"1,0",numeric,"0,3",numeric,NA,missing,"25,3",numeric,"2,1",numeric,"0,7",numeric,23,numeric,25,numeric,"0,16",numeric,23,numeric,"0,2",numeric,1,numeric,300,numeric,"0,17",numeric,"0,2",numeric,NA,missing,,missing,,missing,"0,09",numeric,"0,07",numeric,"0,07",numeric,"1,58",numeric,"10,1",numeric
175,"Banana, da terra, crua",Frutas e derivados,39,40,"63,9",numeric,128,numeric,536,numeric,"1,4",numeric,"0,2",numeric,NA,missing,"33,7",numeric,"1,5",numeric,"0,8",numeric,4,numeric,24,numeric,"0,16",numeric,26,numeric,"0,3",numeric,Tr,trace,328,numeric,"0,05",numeric,"0,2",numeric,NA,missing,239,numeric,119,numeric,"0,03",numeric,"0,02",numeric,"0,14",numeric,Tr,trace,"15,7",numeric
176,"Banana, doce em barra",Frutas e derivados,39,40,"21,1",numeric,280,numeric,1172,numeric,"2,2",numeric,"0,1",numeric,NA,missing,"75,7",numeric,"3,8",numeric,"1,0",numeric,12,numeric,49,numeric,"0,84",numeric,37,numeric,"0,6",numeric,10,numeric,518,numeric,"0,16",numeric,"0,3",numeric,NA,missing,27,numeric,14,numeric,"0,03",numeric,Tr,trace,"0,06",numeric,"1,41",numeric,Tr,trace
177,"Banana, figo, crua",Frutas e derivados,39,40,"70,1",numeric,105,numeric,440,numeric,"1,1",numeric,"0,1",numeric,NA,missing,"27,8",numeric,"2,8",numeric,"0,8",numeric,6,numeric,30,numeric,"0,21",numeric,16,numeric,"0,2",numeric,Tr,trace,387,numeric,"0,06",numeric,"0,1",numeric,NA,missing,,missing,,missing,"0,09",numeric,Tr,trace,"0,03",numeric,Tr,trace,"17,5",numeric
178,"Banana, maçã, crua",Frutas e derivados,39,40,"75,2",numeric,87,numeric,363,numeric,"1,8",numeric,"0,1",numeric,NA,missing,"22,3",numeric,"2,6",numeric,"0,6",numeric,3,numeric,24,numeric,"0,60",numeric,29,numeric,"0,2",numeric,Tr,trace,264,numeric,"0,11",numeric,"0,1",numeric,NA,missing,6,numeric,3,numeric,Tr,trace,Tr,trace,"0,14",numeric,Tr,trace,"10,5",numeric
179,"Banana, nanica, crua",Frutas e derivados,39,40,"73,8",numeric,92,numeric,383,numeric,"1,4",numeric,"0,1",numeric,NA,missing,"23,8",numeric,"1,9",numeric,"0,8",numeric,3,numeric,28,numeric,"0,14",numeric,27,numeric,"0,3",numeric,Tr,trace,376,numeric,"0,10",numeric,"0,2",numeric,NA,missing,14,numeric,7,numeric,Tr,trace,"0,02",numeric,"0,14",numeric,Tr,trace,"5,9",numeric
180,"Banana, ouro, crua",Frutas e derivados,39,40,"68,2",numeric,112,numeric,470,numeric,"1,5",numeric,"0,2",numeric,NA,missing,"29,3",numeric,"2,0",numeric,"0,8",numeric,3,numeric,28,numeric,"0,09",numeric,22,numeric,"0,3",numeric,Tr,trace,355,numeric,"0,08",numeric,"0,3",numeric,NA,missing,50,numeric,25,numeric,Tr,trace,Tr,trace,"0,14",numeric,Tr,trace,"7,6",numeric
181,"Banana, pacova, crua",Frutas e derivados,39,40,"77,7",numeric,78,numeric,326,numeric,"1,2",numeric,"0,1",numeric,NA,missing,"20,3",numeric,"2,0",numeric,"0,7",numeric,5,numeric,30,numeric,"0,41",numeric,20,numeric,"0,4",numeric,1,numeric,267,numeric,"0,06",numeric,"0,1",numeric,NA,missing,,missing,,missing,"0,05",numeric,"0,03",numeric,"0,17",numeric,Tr,trace,Tr,trace
182,"Banana, prata, crua",Frutas e derivados,39,40,"71,9",numeric,98,numeric,411,numeric,"1,3",numeric,"0,1",numeric,NA,missing,"26,0",numeric,"2,0",numeric,"0,8",numeric,8,numeric,26,numeric,"0,42",numeric,22,numeric,"0,4",numeric,Tr,trace,358,numeric,"0,05",numeric,"0,1",numeric,NA,missing,32,numeric,16,numeric,Tr,trace,"0,02",numeric,"0,10",numeric,Tr,trace,"21,6",numeric
183,"Cacau, cru",Frutas e derivados,39,40,"79,2",numeric,74,numeric,311,numeric,"1,0",numeric,"0,1",numeric,NA,missing,"19,4",numeric,"2,2",numeric,"0,3",numeric,12,numeric,25,numeric,"0,04",numeric,9,numeric,"0,3",numeric,1,numeric,72,numeric,"0,15",numeric,"0,6",numeric,NA,missing,,missing,,missing,"0,25",numeric,Tr,trace,"0,04",numeric,Tr,trace,"13,6",numeric
184,"Cajá-Manga, cru",Frutas e derivados,39,40,"86,9",numeric,46,numeric,191,numeric,"1,3",numeric,Tr,trace,NA,missing,"11,4",numeric,"2,6",numeric,"0,4",numeric,13,numeric,11,numeric,"0,05",numeric,24,numeric,"0,2",numeric,1,numeric,119,numeric,"0,02",numeric,"0,2",numeric,NA,missing,,missing,,missing,"0,11",numeric,Tr,trace,"0,05",numeric,Tr,trace,"26,7",numeric
185,"Cajá, polpa, congelada",Frutas e derivados,39,40,"92,4",numeric,26,numeric,110,numeric,"0,6",numeric,"0,2",numeric,NA,missing,"6,4",numeric,"1,4",numeric,"0,4",numeric,9,numeric,7,numeric,"0,07",numeric,26,numeric,"0,3",numeric,7,numeric,148,numeric,"0,10",numeric,"0,1",numeric,NA,missing,106,numeric,53,numeric,"0,04",numeric,Tr,trace,Tr,trace,Tr,trace,Tr,trace
186,"Caju, cru",Frutas e derivados,39,40,"88,1",numeric,43,numeric,180,numeric,"1,0",numeric,"0,3",numeric,NA,missing,"10,3",numeric,"1,7",numeric,"0,3",numeric,1,numeric,10,numeric,"0,12",numeric,16,numeric,"0,2",numeric,3,numeric,124,numeric,"0,07",numeric,"0,1",numeric,NA,missing,15,numeric,7,numeric,Tr,trace,Tr,trace,Tr,trace,Tr,trace,"219,3",numeric
187,"Caju, polpa, congelada",Frutas e derivados,39,40,"89,8",numeric,37,numeric,153,numeric,"0,5",numeric,"0,2",numeric,NA,missing,"9,4",numeric,"0,8",numeric,"0,2",numeric,1,numeric,7,numeric,"0,05",numeric,10,numeric,"0,1",numeric,4,numeric,88,numeric,"0,07",numeric,"0,1",numeric,NA,missing,22,numeric,11,numeric,Tr,trace,"0,02",numeric,Tr,trace,"2,25",numeric,"119,7",numeric
188,"Caju, suco concentrado, envasado",Frutas e derivados,41,42,"88,4",numeric,45,numeric,189,numeric,"0,4",numeric,"0,2",numeric,NA,missing,"10,7",numeric,"0,6",numeric,"0,3",numeric,1,numeric,8,numeric,"0,06",numeric,11,numeric,"0,1",numeric,45,numeric,107,numeric,"0,04",numeric,"0,1",numeric,NA,missing,10,numeric,5,numeric,Tr,trace,"0,03",numeric,Tr,trace,Tr,trace,"138,7",numeric
189,"Caqui, chocolate, cru",Frutas e derivados,41,42,"79,7",numeric,71,numeric,299,numeric,"0,4",numeric,"0,1",numeric,NA,missing,"19,3",numeric,"6,5",numeric,"0,5",numeric,18,numeric,9,numeric,"0,39",numeric,18,numeric,"0,1",numeric,2,numeric,164,numeric,Tr,trace,"0,2",numeric,NA,missing,,missing,,missing,Tr,trace,Tr,trace,"0,03",numeric,Tr,trace,"29,6",numeric
190,"Carambola, crua",Frutas e derivados,41,42,"87,1",numeric,46,numeric,191,numeric,"0,9",numeric,"0,2",numeric,NA,missing,"11,5",numeric,"2,0",numeric,"0,4",numeric,5,numeric,7,numeric,"0,13",numeric,11,numeric,"0,2",numeric,4,numeric,133,numeric,"0,08",numeric,"0,2",numeric,NA,missing,,missing,,missing,"0,12",numeric,Tr,trace,Tr,trace,Tr,trace,"60,9",numeric
191,"Ciriguela, crua",Frutas e derivados,41,42,"78,7",numeric,76,numeric,316,numeric,"1,4",numeric,"0,4",numeric,NA,missing,"18,9",numeric,"3,9",numeric,"0,7",numeric,27,numeric,18,numeric,"0,06",numeric,49,numeric,"0,4",numeric,2,numeric,248,numeric,"0,12",numeric,"0,5",numeric,NA,missing,,missing,,missing,"0,14",numeric,Tr,trace,Tr,trace,Tr,trace,"27,0",numeric
192,"Cupuaçu, cru",Frutas e derivados,41,42,"86,2",numeric,49,numeric,207,numeric,"1,2",numeric,"1,0",numeric,NA,missing,"10,4",numeric,"3,1",numeric,"1,2",numeric,13,numeric,18,numeric,"0,07",numeric,21,numeric,"0,5",numeric,3,numeric,331,numeric,"0,07",numeric,"0,3",numeric,NA,missing,,missing,,missing,"0,37",numeric,"0,04",numeric,"0,07",numeric,"4,34",numeric,"24,5",numeric
193,"Cupuaçu, polpa, congelada",Frutas e derivados,41,42,"86,6",numeric,49,numeric,204,numeric,"0,8",numeric,"0,6",numeric,NA,missing,"11,4",numeric,"1,6",numeric,"0,6",numeric,5,numeric,14,numeric,"0,17",numeric,14,numeric,"0,3",numeric,1,numeric,291,numeric,"0,14",numeric,"0,2",numeric,NA,missing,,missing,,missing,"0,07",numeric,"0,07",numeric,"0,05",numeric,Tr,trace,"10,5",numeric
194,"Figo, cru",Frutas e derivados,41,42,"88,2",numeric,41,numeric,173,numeric,"1,0",numeric,"0,2",numeric,NA,missing,"10,2",numeric,"1,8",numeric,"0,4",numeric,27,numeric,11,numeric,"0,06",numeric,15,numeric,"0,2",numeric,Tr,trace,174,numeric,"0,13",numeric,"0,1",numeric,NA,missing,,missing,,missing,"0,05",numeric,Tr,trace,Tr,trace,Tr,trace,"0,8",numeric
195,"Figo, enlatado, em calda",Frutas e derivados,41,42,"48,8",numeric,184,numeric,771,numeric,"0,6",numeric,"0,2",numeric,NA,missing,"50,3",numeric,"2,0",numeric,"0,2",numeric,33,numeric,7,numeric,"0,16",numeric,6,numeric,"0,5",numeric,7,numeric,39,numeric,"0,25",numeric,"0,1",numeric,NA,missing,,missing,,missing,Tr,trace,Tr,trace,Tr,trace,Tr,trace,"5,2",numeric
196,"Fruta-pão, crua",Frutas e derivados,41,42,"80,9",numeric,67,numeric,281,numeric,"1,1",numeric,"0,2",numeric,NA,missing,"17,2",numeric,"5,5",numeric,"0,7",numeric,34,numeric,24,numeric,"0,04",numeric,27,numeric,"0,2",numeric,1,numeric,188,numeric,"0,07",numeric,"0,1",numeric,NA,missing,,missing,,missing,"0,03",numeric,Tr,trace,Tr,trace,Tr,trace,"9,9",numeric
197,"Goiaba, branca, com casca, crua",Frutas e derivados,41,42,"85,7",numeric,52,numeric,216,numeric,"0,9",numeric,"0,5",numeric,NA,missing,"12,4",numeric,"6,3",numeric,"0,5",numeric,5,numeric,7,numeric,"0,07",numeric,16,numeric,"0,2",numeric,Tr,trace,220,numeric,"0,04",numeric,"0,2",numeric,NA,missing,,missing,,missing,Tr,trace,Tr,trace,"0,03",numeric,Tr,trace,"99,2",numeric
198,"Goiaba, doce em pasta",Frutas e derivados,41,42,"24,8",numeric,269,numeric,1125,numeric,"0,6",numeric,"0,0",numeric,NA,missing,"74,1",numeric,"3,7",numeric,"0,5",numeric,10,numeric,6,numeric,"0,11",numeric,54,numeric,"0,4",numeric,4,numeric,165,numeric,"0,06",numeric,"0,1",numeric,NA,missing,136,numeric,68,numeric,"0,07",numeric,Tr,trace,Tr,trace,Tr,trace,"23,1",numeric
199,"Goiaba, doce, cascão",Frutas e derivados,41,42,"20,3",numeric,286,numeric,1195,numeric,"0,4",numeric,"0,1",numeric,NA,missing,"78,7",numeric,"4,4",numeric,"0,5",numeric,15,numeric,10,numeric,"0,16",numeric,28,numeric,"0,4",numeric,11,numeric,251,numeric,"0,08",numeric,"0,1",numeric,NA,missing,50,numeric,25,numeric,Tr,trace,Tr,trace,Tr,trace,"1,41",numeric,"34,3",numeric
200,"Goiaba, vermelha, com casca, crua",Frutas e derivados,41,42,"85,0",numeric,54,numeric,227,numeric,"1,1",numeric,"0,4",numeric,NA,missing,"13,0",numeric,"6,2",numeric,"0,5",numeric,4,numeric,7,numeric,"0,09",numeric,15,numeric,"0,2",numeric,Tr,trace,198,numeric,"0,04",numeric,"0,1",numeric,NA,missing,38,numeric,19,numeric,Tr,trace,Tr,trace,"0,03",numeric,Tr,trace,"80,6",numeric
201,"Graviola, crua",Frutas e derivados,41,42,"82,2",numeric,62,numeric,258,numeric,"0,8",numeric,"0,2",numeric,NA,missing,"15,8",numeric,"1,9",numeric,"1,0",numeric,40,numeric,23,numeric,"0,08",numeric,19,numeric,"0,2",numeric,4,numeric,250,numeric,"0,04",numeric,"0,1",numeric,NA,missing,,missing,,missing,"0,17",numeric,"0,12",numeric,"0,03",numeric,Tr,trace,"19,1",numeric
202,"Graviola, polpa, congelada",Frutas e derivados,41,42,"89,2",numeric,38,numeric,160,numeric,"0,6",numeric,"0,1",numeric,NA,missing,"9,8",numeric,"1,2",numeric,"0,4",numeric,6,numeric,10,numeric,"0,06",numeric,17,numeric,"0,1",numeric,3,numeric,170,numeric,"0,06",numeric,"0,1",numeric,NA,missing,,missing,,missing,Tr,trace,"0,09",numeric,Tr,trace,Tr,trace,"10,5",numeric
203,"Jabuticaba, crua",Frutas e derivados,41,42,"83,6",numeric,58,numeric,243,numeric,"0,6",numeric,"0,1",numeric,NA,missing,"15,3",numeric,"2,3",numeric,"0,4",numeric,8,numeric,18,numeric,"0,30",numeric,15,numeric,"0,1",numeric,Tr,trace,130,numeric,"0,07",numeric,"0,3",numeric,NA,missing,,missing,,missing,"0,06",numeric,Tr,trace,Tr,trace,Tr,trace,"16,2",numeric
204,"Jaca, crua",Frutas e derivados,41,42,"75,1",numeric,88,numeric,368,numeric,"1,4",numeric,"0,3",numeric,NA,missing,"22,5",numeric,"2,4",numeric,"0,8",numeric,11,numeric,40,numeric,"0,48",numeric,14,numeric,"0,4",numeric,2,numeric,234,numeric,"0,09",numeric,"0,2",numeric,NA,missing,,missing,,missing,"0,10",numeric,"0,04",numeric,"0,05",numeric,Tr,trace,"14,8",numeric
205,"Jambo, cru",Frutas e derivados,41,42,"92,1",numeric,27,numeric,113,numeric,"0,9",numeric,"0,1",numeric,NA,missing,"6,5",numeric,"5,1",numeric,"0,5",numeric,14,numeric,14,numeric,"0,05",numeric,18,numeric,"0,1",numeric,22,numeric,135,numeric,"0,02",numeric,"0,1",numeric,NA,missing,,missing,,missing,"0,08",numeric,Tr,trace,Tr,trace,"1,18",numeric,"3,8",numeric
206,"Jamelão, cru",Frutas e derivados,41,42,"87,7",numeric,41,numeric,172,numeric,"0,5",numeric,"0,1",numeric,NA,missing,"10,6",numeric,"1,8",numeric,"1,0",numeric,3,numeric,2,numeric,Tr,trace,4,numeric,"0,0",numeric,1,numeric,394,numeric,"0,03",numeric,"0,0",numeric,NA,missing,8,numeric,4,numeric,"0,17",numeric,Tr,trace,"0,12",numeric,Tr,trace,"27,1",numeric
207,"Kiwi, cru",Frutas e derivados,41,42,"85,9",numeric,51,numeric,214,numeric,"1,3",numeric,"0,6",numeric,NA,missing,"11,5",numeric,"2,7",numeric,"0,7",numeric,24,numeric,11,numeric,"0,05",numeric,33,numeric,"0,3",numeric,Tr,trace,269,numeric,"0,15",numeric,"0,1",numeric,NA,missing,5,numeric,3,numeric,Tr,trace,Tr,trace,"0,06",numeric,Tr,trace,"70,8",numeric
208,"Laranja, baía, crua",Frutas e derivados,41,42,"87,1",numeric,45,numeric,190,numeric,"1,0",numeric,"0,1",numeric,NA,missing,"11,5",numeric,"1,1",numeric,"0,4",numeric,35,numeric,9,numeric,"0,04",numeric,24,numeric,"0,1",numeric,Tr,trace,174,numeric,"0,04",numeric,"0,1",numeric,NA,missing,4,numeric,2,numeric,"0,06",numeric,"0,02",numeric,Tr,trace,Tr,trace,"56,9",numeric
209,"Laranja, baía, suco",Frutas e derivados,41,42,"90,2",numeric,37,numeric,153,numeric,"0,7",numeric,Tr,trace,NA,missing,"8,7",numeric,Tr,trace,"0,4",numeric,6,numeric,8,numeric,"0,02",numeric,22,numeric,"0,1",numeric,Tr,trace,173,numeric,"0,02",numeric,Tr,trace,NA,missing,4,numeric,2,numeric,"0,03",numeric,Tr,trace,"0,02",numeric,Tr,trace,"94,5",numeric
210,"Laranja, da terra, crua",Frutas e derivados,41,42,"85,4",numeric,51,numeric,215,numeric,"1,1",numeric,"0,2",numeric,NA,missing,"12,9",numeric,"4,0",numeric,"0,5",numeric,51,numeric,14,numeric,"0,04",numeric,20,numeric,"0,1",numeric,1,numeric,173,numeric,"0,04",numeric,"0,2",numeric,NA,missing,,missing,,missing,"0,07",numeric,"0,09",numeric,"0,03",numeric,Tr,trace,"34,7",numeric
211,"Laranja, da terra, suco",Frutas e derivados,41,42,"89,2",numeric,41,numeric,171,numeric,"0,7",numeric,"0,1",numeric,NA,missing,"9,6",numeric,"1,0",numeric,"0,4",numeric,13,numeric,10,numeric,"0,02",numeric,15,numeric,"0,1",numeric,Tr,trace,145,numeric,"0,02",numeric,"0,1",numeric,NA,missing,4,numeric,2,numeric,"0,04",numeric,Tr,trace,"0,04",numeric,Tr,trace,"44,3",numeric
212,"Laranja, lima, crua",Frutas e derivados,41,42,"87,0",numeric,46,numeric,191,numeric,"1,1",numeric,"0,1",numeric,NA,missing,"11,5",numeric,"1,8",numeric,"0,4",numeric,31,numeric,10,numeric,"0,05",numeric,15,numeric,"0,1",numeric,1,numeric,130,numeric,"0,03",numeric,"0,1",numeric,NA,missing,,missing,,missing,"0,09",numeric,"0,05",numeric,"0,04",numeric,Tr,trace,"43,5",numeric
213,"Laranja, lima, suco",Frutas e derivados,41,42,"89,7",numeric,39,numeric,165,numeric,"0,7",numeric,"0,1",numeric,NA,missing,"9,2",numeric,"0,4",numeric,"0,3",numeric,8,numeric,11,numeric,"0,02",numeric,16,numeric,Tr,trace,Tr,trace,129,numeric,"0,02",numeric,"0,0",numeric,NA,missing,,missing,,missing,"0,10",numeric,"0,03",numeric,"0,04",numeric,Tr,trace,"41,3",numeric
214,"Laranja, pêra, crua",Frutas e derivados,41,42,"89,6",numeric,37,numeric,154,numeric,"1,0",numeric,"0,1",numeric,NA,missing,"8,9",numeric,"0,8",numeric,"0,3",numeric,22,numeric,9,numeric,"0,05",numeric,23,numeric,"0,1",numeric,Tr,trace,163,numeric,"0,03",numeric,"0,1",numeric,NA,missing,1,numeric,0,numeric,"0,07",numeric,"0,02",numeric,"0,02",numeric,Tr,trace,"53,7",numeric
215,"Laranja, pêra, suco",Frutas e derivados,41,42,"91,3",numeric,33,numeric,137,numeric,"0,7",numeric,"0,1",numeric,NA,missing,"7,6",numeric,Tr,trace,"0,3",numeric,7,numeric,8,numeric,"0,03",numeric,14,numeric,Tr,trace,Tr,trace,149,numeric,"0,01",numeric,Tr,trace,NA,missing,1,numeric,1,numeric,Tr,trace,Tr,trace,Tr,trace,Tr,trace,"73,3",numeric
216,"Laranja, valência, crua",Frutas e derivados,41,42,"86,9",numeric,46,numeric,193,numeric,"0,8",numeric,"0,2",numeric,NA,missing,"11,7",numeric,"1,7",numeric,"0,4",numeric,34,numeric,14,numeric,"0,06",numeric,20,numeric,"0,1",numeric,1,numeric,158,numeric,"0,04",numeric,"0,1",numeric,NA,missing,,missing,,missing,"0,07",numeric,"0,04",numeric,"0,03",numeric,Tr,trace,"47,8",numeric
217,"Laranja, valência, suco",Frutas e derivados,41,42,"90,5",numeric,36,numeric,151,numeric,"0,5",numeric,"0,1",numeric,NA,missing,"8,6",numeric,"0,4",numeric,"0,3",numeric,9,numeric,10,numeric,"0,03",numeric,17,numeric,Tr,trace,Tr,trace,143,numeric,"0,02",numeric,Tr,trace,NA,missing,2,numeric,1,numeric,*,missing,*,missing,"0,03",numeric,Tr,trace,*,missing
218,"Limão, cravo, suco",Frutas e derivados,41,42,"94,2",numeric,14,numeric,59,numeric,"0,3",numeric,Tr,trace,NA,missing,"5,2",numeric,Tr,trace,"0,2",numeric,10,numeric,9,numeric,"0,03",numeric,11,numeric,"0,1",numeric,Tr,trace,120,numeric,"0,03",numeric,,missing,NA,missing,31,numeric,16,numeric,Tr,trace,Tr,trace,Tr,trace,Tr,trace,"32,8",numeric
219,"Limão, galego, suco",Frutas e derivados,41,42,"91,8",numeric,22,numeric,93,numeric,"0,6",numeric,"0,1",numeric,NA,missing,"7,3",numeric,Tr,trace,"0,3",numeric,5,numeric,6,numeric,"0,01",numeric,13,numeric,"0,1",numeric,Tr,trace,113,numeric,"0,02",numeric,"0,1",numeric,NA,missing,,missing,,missing,Tr,trace,Tr,trace,"0,03",numeric,Tr,trace,"34,5",numeric
220,"Limão, tahiti, cru",Frutas e derivados,43,44,"87,4",numeric,32,numeric,133,numeric,"0,9",numeric,"0,1",numeric,NA,missing,"11,1",numeric,"1,2",numeric,"0,4",numeric,51,numeric,10,numeric,"0,07",numeric,24,numeric,"0,2",numeric,1,numeric,128,numeric,"0,06",numeric,"0,2",numeric,NA,missing,,missing,,missing,"0,30",numeric,"0,04",numeric,Tr,trace,Tr,trace,"38,2",numeric
221,"Maçã, Argentina, com casca, crua",Frutas e derivados,43,44,"82,6",numeric,63,numeric,262,numeric,"0,2",numeric,"0,2",numeric,NA,missing,"16,6",numeric,"2,0",numeric,"0,3",numeric,3,numeric,5,numeric,"0,01",numeric,11,numeric,"0,1",numeric,1,numeric,117,numeric,"0,03",numeric,Tr,trace,NA,missing,,missing,,missing,"0,05",numeric,Tr,trace,Tr,trace,Tr,trace,"1,5",numeric
222,"Maçã, Fuji, com casca, crua",Frutas e derivados,43,44,"84,3",numeric,56,numeric,232,numeric,"0,3",numeric,Tr,trace,NA,missing,"15,2",numeric,"1,3",numeric,"0,2",numeric,2,numeric,2,numeric,"0,03",numeric,9,numeric,"0,1",numeric,Tr,trace,75,numeric,"0,06",numeric,Tr,trace,NA,missing,4,numeric,2,numeric,Tr,trace,Tr,trace,"0,03",numeric,Tr,trace,"2,4",numeric
223,"Macaúba, crua",Frutas e derivados,43,44,"41,5",numeric,404,numeric,1692,numeric,"2,1",numeric,"40,7",numeric,NA,missing,"13,9",numeric,"13,4",numeric,"1,8",numeric,67,numeric,66,numeric,"0,08",numeric,44,numeric,"0,8",numeric,1,numeric,306,numeric,"0,35",numeric,"0,7",numeric,NA,missing,1020,numeric,510,numeric,"0,11",numeric,"0,11",numeric,"0,03",numeric,Tr,trace,"13,4",numeric
224,"Mamão, doce em calda, drenado",Frutas e derivados,43,44,"45,5",numeric,196,numeric,819,numeric,"0,2",numeric,"0,1",numeric,NA,missing,"54,0",numeric,"1,3",numeric,"0,2",numeric,20,numeric,6,numeric,"0,02",numeric,4,numeric,"0,1",numeric,3,numeric,68,numeric,"0,02",numeric,"0,1",numeric,NA,missing,,missing,,missing,"0,03",numeric,Tr,trace,Tr,trace,Tr,trace,"3,9",numeric
225,"Mamão, Formosa, cru",Frutas e derivados,43,44,"86,9",numeric,45,numeric,190,numeric,"0,8",numeric,"0,1",numeric,NA,missing,"11,6",numeric,"1,8",numeric,"0,6",numeric,25,numeric,17,numeric,"0,04",numeric,11,numeric,"0,2",numeric,3,numeric,222,numeric,"1,36",numeric,"0,1",numeric,NA,missing,148,numeric,74,numeric,"0,03",numeric,"0,03",numeric,Tr,trace,Tr,trace,"78,5",numeric
226,"Mamão, Papaia, cru",Frutas e derivados,43,44,"88,6",numeric,40,numeric,168,numeric,"0,5",numeric,"0,1",numeric,NA,missing,"10,4",numeric,"1,0",numeric,"0,4",numeric,22,numeric,22,numeric,"0,01",numeric,11,numeric,"0,2",numeric,2,numeric,126,numeric,"0,02",numeric,"0,1",numeric,NA,missing,118,numeric,59,numeric,"0,03",numeric,"0,04",numeric,Tr,trace,"1,03",numeric,"82,2",numeric
227,"Mamão verde, doce em calda, drenado",Frutas e derivados,43,44,"41,9",numeric,209,numeric,876,numeric,"0,3",numeric,"0,1",numeric,NA,missing,"57,6",numeric,"1,2",numeric,"0,1",numeric,12,numeric,5,numeric,"0,04",numeric,3,numeric,"0,2",numeric,5,numeric,9,numeric,"0,02",numeric,"0,0",numeric,NA,missing,,missing,,missing,Tr,trace,Tr,trace,Tr,trace,Tr,trace,Tr,trace
228,"Manga, Haden, crua",Frutas e derivados,43,44,"82,3",numeric,64,numeric,266,numeric,"0,4",numeric,"0,3",numeric,NA,missing,"16,7",numeric,"1,6",numeric,"0,4",numeric,12,numeric,8,numeric,"0,17",numeric,9,numeric,"0,1",numeric,1,numeric,148,numeric,"0,10",numeric,"0,1",numeric,NA,missing,162,numeric,81,numeric,"0,02",numeric,"0,06",numeric,"0,05",numeric,Tr,trace,"17,4",numeric
229,"Manga, Palmer, crua",Frutas e derivados,43,44,"79,7",numeric,72,numeric,303,numeric,"0,4",numeric,"0,2",numeric,NA,missing,"19,4",numeric,"1,6",numeric,"0,3",numeric,12,numeric,9,numeric,"0,05",numeric,14,numeric,"0,1",numeric,2,numeric,157,numeric,"0,09",numeric,"0,1",numeric,NA,missing,787,numeric,393,numeric,"0,09",numeric,"0,03",numeric,Tr,trace,Tr,trace,"65,5",numeric
230,"Manga, polpa, congelada",Frutas e derivados,43,44,"86,5",numeric,48,numeric,202,numeric,"0,4",numeric,"0,2",numeric,NA,missing,"12,5",numeric,"1,1",numeric,"0,4",numeric,7,numeric,9,numeric,"0,12",numeric,9,numeric,"0,1",numeric,7,numeric,131,numeric,"0,06",numeric,"0,1",numeric,NA,missing,,missing,,missing,Tr,trace,"0,07",numeric,"0,03",numeric,Tr,trace,"24,9",numeric
231,"Manga, Tommy Atkins, crua",Frutas e derivados,43,44,"85,8",numeric,51,numeric,212,numeric,"0,9",numeric,"0,2",numeric,NA,missing,"12,8",numeric,"2,1",numeric,"0,3",numeric,8,numeric,7,numeric,"0,34",numeric,14,numeric,"0,1",numeric,Tr,trace,138,numeric,"0,06",numeric,"0,1",numeric,NA,missing,118,numeric,59,numeric,Tr,trace,"0,04",numeric,"0,03",numeric,Tr,trace,"7,9",numeric
232,"Maracujá, cru",Frutas e derivados,43,44,"82,9",numeric,68,numeric,286,numeric,"2,0",numeric,"2,1",numeric,NA,missing,"12,3",numeric,"1,1",numeric,"0,8",numeric,5,numeric,28,numeric,"0,12",numeric,51,numeric,"0,6",numeric,2,numeric,338,numeric,"0,19",numeric,"0,4",numeric,NA,missing,114,numeric,57,numeric,Tr,trace,"0,05",numeric,"0,05",numeric,Tr,trace,"19,8",numeric
233,"Maracujá, polpa, congelada",Frutas e derivados,43,44,"88,9",numeric,39,numeric,162,numeric,"0,8",numeric,"0,2",numeric,NA,missing,"9,6",numeric,"0,5",numeric,"0,5",numeric,5,numeric,10,numeric,"0,07",numeric,15,numeric,"0,3",numeric,8,numeric,228,numeric,"0,05",numeric,"0,2",numeric,NA,missing,,missing,,missing,Tr,trace,"0,09",numeric,"0,06",numeric,Tr,trace,"7,3",numeric
234,"Maracujá, suco concentrado, envasado",Frutas e derivados,43,44,"88,9",numeric,42,numeric,176,numeric,"0,8",numeric,"0,2",numeric,NA,missing,"9,6",numeric,"0,4",numeric,"0,5",numeric,4,numeric,4,numeric,"0,07",numeric,14,numeric,"0,3",numeric,22,numeric,201,numeric,"0,05",numeric,"0,1",numeric,NA,missing,,missing,,missing,Tr,trace,"0,08",numeric,"0,05",numeric,"1,92",numeric,"13,7",numeric
235,"Melancia, crua",Frutas e derivados,43,44,"90,7",numeric,33,numeric,136,numeric,"0,9",numeric,Tr,trace,NA,missing,"8,1",numeric,"0,1",numeric,"0,3",numeric,8,numeric,10,numeric,"0,14",numeric,12,numeric,"0,2",numeric,Tr,trace,104,numeric,"0,04",numeric,"0,1",numeric,NA,missing,61,numeric,31,numeric,Tr,trace,Tr,trace,Tr,trace,Tr,trace,"6,1",numeric
236,"Melão, cru",Frutas e derivados,43,44,"91,3",numeric,29,numeric,123,numeric,"0,7",numeric,Tr,trace,NA,missing,"7,5",numeric,"0,3",numeric,"0,5",numeric,3,numeric,6,numeric,"0,05",numeric,10,numeric,"0,2",numeric,11,numeric,216,numeric,"0,04",numeric,"0,1",numeric,NA,missing,2,numeric,1,numeric,Tr,trace,Tr,trace,"0,02",numeric,Tr,trace,"8,7",numeric
237,"Mexerica, Murcote, crua",Frutas e derivados,43,44,"83,7",numeric,58,numeric,241,numeric,"0,9",numeric,"0,1",numeric,NA,missing,"14,9",numeric,"3,1",numeric,"0,5",numeric,33,numeric,12,numeric,"0,05",numeric,19,numeric,"0,1",numeric,1,numeric,159,numeric,"0,06",numeric,"0,1",numeric,NA,missing,,missing,,missing,"0,08",numeric,"0,07",numeric,"0,05",numeric,Tr,trace,"21,8",numeric
238,"Mexerica, Rio, crua",Frutas e derivados,43,44,"89,6",numeric,37,numeric,154,numeric,"0,7",numeric,"0,1",numeric,NA,missing,"9,3",numeric,"2,7",numeric,"0,3",numeric,17,numeric,8,numeric,"0,05",numeric,14,numeric,"0,1",numeric,2,numeric,125,numeric,"0,07",numeric,"0,2",numeric,NA,missing,,missing,,missing,"0,03",numeric,Tr,trace,Tr,trace,Tr,trace,"112,0",numeric
239,"Morango, cru",Frutas e derivados,43,44,"91,5",numeric,30,numeric,126,numeric,"0,9",numeric,"0,3",numeric,NA,missing,"6,8",numeric,"1,7",numeric,"0,5",numeric,11,numeric,10,numeric,"0,33",numeric,22,numeric,"0,3",numeric,Tr,trace,184,numeric,"0,06",numeric,"0,2",numeric,NA,missing,,missing,,missing,Tr,trace,"0,03",numeric,"0,03",numeric,Tr,trace,"63,6",numeric
240,"Nêspera, crua",Frutas e derivados,43,44,"87,8",numeric,43,numeric,178,numeric,"0,3",numeric,Tr,trace,NA,missing,"11,5",numeric,"3,0",numeric,"0,4",numeric,20,numeric,10,numeric,"0,07",numeric,10,numeric,"0,1",numeric,Tr,trace,113,numeric,"0,12",numeric,"0,1",numeric,NA,missing,170,numeric,85,numeric,Tr,trace,Tr,trace,Tr,trace,Tr,trace,"3,2",numeric
241,"Pequi, cru",Frutas e derivados,43,44,"65,9",numeric,205,numeric,858,numeric,"2,3",numeric,"18,0",numeric,NA,missing,"13,0",numeric,"19,0",numeric,"0,8",numeric,32,numeric,30,numeric,"0,64",numeric,34,numeric,"0,3",numeric,Tr,trace,298,numeric,"0,21",numeric,"1,0",numeric,NA,missing,60,numeric,30,numeric,"0,17",numeric,"0,48",numeric,"0,06",numeric,"2,57",numeric,"8,3",numeric
242,"Pêra, Park, crua",Frutas e derivados,43,44,"83,2",numeric,61,numeric,254,numeric,"0,2",numeric,"0,2",numeric,NA,missing,"16,1",numeric,"3,0",numeric,"0,3",numeric,9,numeric,6,numeric,"0,04",numeric,12,numeric,"0,3",numeric,1,numeric,102,numeric,"0,08",numeric,"0,1",numeric,NA,missing,,missing,,missing,"0,06",numeric,Tr,trace,Tr,trace,Tr,trace,"2,4",numeric
243,"Pêra, Williams, crua",Frutas e derivados,43,44,"85,0",numeric,53,numeric,223,numeric,"0,6",numeric,"0,1",numeric,NA,missing,"14,0",numeric,"3,0",numeric,"0,3",numeric,8,numeric,6,numeric,"0,04",numeric,12,numeric,"0,1",numeric,Tr,trace,116,numeric,"0,07",numeric,"0,1",numeric,NA,missing,,missing,,missing,Tr,trace,Tr,trace,Tr,trace,Tr,trace,"2,8",numeric
244,"Pêssego, Aurora, cru",Frutas e derivados,43,44,"89,3",numeric,36,numeric,152,numeric,"0,8",numeric,Tr,trace,NA,missing,"9,3",numeric,"1,4",numeric,"0,5",numeric,3,numeric,4,numeric,"0,05",numeric,15,numeric,"0,2",numeric,Tr,trace,124,numeric,"0,02",numeric,"0,1",numeric,NA,missing,,missing,,missing,"0,05",numeric,Tr,trace,Tr,trace,Tr,trace,"3,3",numeric
245,"Pêssego, enlatado, em calda",Frutas e derivados,43,44,"82,2",numeric,63,numeric,264,numeric,"0,7",numeric,Tr,trace,NA,missing,"16,9",numeric,"1,0",numeric,"0,2",numeric,4,numeric,4,numeric,"0,03",numeric,9,numeric,"0,6",numeric,3,numeric,95,numeric,"0,04",numeric,"0,1",numeric,NA,missing,48,numeric,24,numeric,Tr,trace,Tr,trace,Tr,trace,Tr,trace,Tr,trace
246,"Pinha, crua",Frutas e derivados,43,44,"75,0",numeric,88,numeric,370,numeric,"1,5",numeric,"0,3",numeric,NA,missing,"22,4",numeric,"3,4",numeric,"0,7",numeric,21,numeric,31,numeric,"0,15",numeric,34,numeric,"0,2",numeric,1,numeric,283,numeric,"0,11",numeric,"0,2",numeric,NA,missing,,missing,,missing,"0,12",numeric,"0,04",numeric,"0,09",numeric,Tr,trace,"35,9",numeric
247,"Pitanga, crua",Frutas e derivados,43,44,"88,3",numeric,41,numeric,173,numeric,"0,9",numeric,"0,2",numeric,NA,missing,"10,2",numeric,"3,2",numeric,"0,4",numeric,18,numeric,12,numeric,"0,36",numeric,13,numeric,"0,4",numeric,2,numeric,113,numeric,"0,08",numeric,"0,4",numeric,NA,missing,154,numeric,77,numeric,"0,03",numeric,"0,10",numeric,Tr,trace,Tr,trace,"24,9",numeric
248,"Pitanga, polpa, congelada",Frutas e derivados,43,44,"94,6",numeric,19,numeric,80,numeric,"0,3",numeric,"0,1",numeric,NA,missing,"4,8",numeric,"0,7",numeric,"0,3",numeric,8,numeric,6,numeric,"0,05",numeric,12,numeric,"0,4",numeric,5,numeric,87,numeric,"0,06",numeric,"0,1",numeric,NA,missing,146,numeric,73,numeric,Tr,trace,Tr,trace,Tr,trace,Tr,trace,Tr,trace
249,"Romã, crua",Frutas e derivados,43,44,"84,0",numeric,56,numeric,233,numeric,"0,4",numeric,Tr,trace,NA,missing,"15,1",numeric,"0,4",numeric,"0,5",numeric,5,numeric,13,numeric,"0,13",numeric,40,numeric,"0,3",numeric,1,numeric,485,numeric,"0,19",numeric,"0,7",numeric,NA,missing,,missing,,missing,"0,12",numeric,"0,17",numeric,"0,05",numeric,Tr,trace,"8,1",numeric
250,"Tamarindo, cru",Frutas e derivados,43,44,"22,0",numeric,276,numeric,1154,numeric,"3,2",numeric,"0,5",numeric,NA,missing,"72,5",numeric,"6,4",numeric,"1,9",numeric,37,numeric,59,numeric,"0,34",numeric,55,numeric,"0,6",numeric,0,numeric,723,numeric,"0,29",numeric,"0,7",numeric,NA,missing,,missing,,missing,"0,31",numeric,Tr,trace,"0,10",numeric,Tr,trace,"7,2",numeric
251,"Tangerina, Poncã, crua",Frutas e derivados,43,44,"89,2",numeric,38,numeric,158,numeric,"0,8",numeric,"0,1",numeric,NA,missing,"9,6",numeric,"0,9",numeric,"0,3",numeric,13,numeric,8,numeric,"0,04",numeric,12,numeric,"0,1",numeric,Tr,trace,131,numeric,"0,03",numeric,Tr,trace,NA,missing,47,numeric,24,numeric,"0,06",numeric,"0,02",numeric,"0,02",numeric,Tr,trace,"48,8",numeric
252,"Tangerina, Poncã, suco",Frutas e derivados,45,46,"90,4",numeric,36,numeric,151,numeric,"0,5",numeric,Tr,trace,NA,missing,"8,8",numeric,Tr,trace,"0,3",numeric,4,numeric,6,numeric,"0,02",numeric,9,numeric,Tr,trace,Tr,trace,119,numeric,"0,02",numeric,Tr,trace,NA,missing,51,numeric,26,numeric,"0,06",numeric,Tr,trace,"0,03",numeric,Tr,trace,"41,8",numeric
253,"Tucumã, cru",Frutas e derivados,45,46,"51,3",numeric,262,numeric,1096,numeric,"2,1",numeric,"19,1",numeric,NA,missing,"26,5",numeric,"12,7",numeric,"1,1",numeric,46,numeric,121,numeric,"0,55",numeric,53,numeric,"0,6",numeric,4,numeric,401,numeric,"0,39",numeric,"0,9",numeric,NA,missing,2363,numeric,1181,numeric,"0,04",numeric,Tr,trace,"0,11",numeric,Tr,trace,"18,0",numeric
254,"Umbu, cru",Frutas e derivados,45,46,"89,3",numeric,37,numeric,155,numeric,"0,8",numeric,Tr,trace,NA,missing,"9,4",numeric,"2,0",numeric,"0,5",numeric,12,numeric,11,numeric,"0,03",numeric,13,numeric,"0,1",numeric,Tr,trace,152,numeric,"0,04",numeric,"0,4",numeric,NA,missing,,missing,,missing,"0,05",numeric,"0,06",numeric,"0,03",numeric,Tr,trace,"24,1",numeric
255,"Umbu, polpa, congelada",Frutas e derivados,45,46,"90,2",numeric,34,numeric,142,numeric,"0,5",numeric,"0,1",numeric,NA,missing,"8,8",numeric,"1,3",numeric,"0,4",numeric,11,numeric,8,numeric,"0,05",numeric,13,numeric,"0,2",numeric,6,numeric,154,numeric,"0,04",numeric,"0,1",numeric,NA,missing,,missing,,missing,Tr,trace,"0,06",numeric,Tr,trace,Tr,trace,"4,0",numeric
256,"Uva, Itália, crua",Frutas e derivados,45,46,"85,0",numeric,53,numeric,221,numeric,"0,7",numeric,"0,2",numeric,NA,missing,"13,6",numeric,"0,9",numeric,"0,6",numeric,7,numeric,5,numeric,"0,13",numeric,12,numeric,"0,1",numeric,Tr,trace,162,numeric,"0,11",numeric,Tr,trace,NA,missing,5,numeric,3,numeric,Tr,trace,Tr,trace,"0,03",numeric,Tr,trace,"3,3",numeric
257,"Uva, Rubi, crua",Frutas e derivados,45,46,"86,1",numeric,49,numeric,205,numeric,"0,6",numeric,"0,2",numeric,NA,missing,"12,7",numeric,"0,9",numeric,"0,5",numeric,8,numeric,6,numeric,"0,07",numeric,23,numeric,"0,2",numeric,8,numeric,159,numeric,"0,05",numeric,Tr,trace,NA,missing,,missing,,missing,"0,02",numeric,"0,02",numeric,Tr,trace,Tr,trace,"1,9",numeric
258,"Uva, suco concentrado, envasado",Frutas e derivados,45,46,"85,1",numeric,58,numeric,241,numeric,Tr,trace,Tr,trace,NA,missing,"14,7",numeric,"0,2",numeric,"0,2",numeric,9,numeric,7,numeric,"0,20",numeric,10,numeric,"0,1",numeric,10,numeric,54,numeric,"0,13",numeric,"0,1",numeric,NA,missing,,missing,,missing,"0,07",numeric,"0,02",numeric,"0,05",numeric,Tr,trace,"21,0",numeric
259,"Azeite, de dendê",Gorduras e óleos,45,46,NA,missing,884,numeric,3699,numeric,NA,missing,"100,0",numeric,NA,missing,NA,missing,NA,missing,,missing,,missing,,missing,,missing,,missing,,missing,,missing,,missing,,missing,,missing,NA,missing,,missing,,missing,,missing,,missing,,missing,,missing,,missing
260,"Azeite, de oliva, extra virgem",Gorduras e óleos,45,46,NA,missing,884,numeric,3699,numeric,NA,missing,"100,0",numeric,NA,missing,NA,missing,NA,missing,,missing,,missing,,missing,,missing,,missing,,missing,,missing,,missing,,missing,,missing,NA,missing,,missing,,missing,,missing,,missing,,missing,,missing,,missing
261,"Manteiga, com sal",Gorduras e óleos,45,46,"15,8",numeric,726,numeric,3037,numeric,"0,4",numeric,"82,4",numeric,201,numeric,"0,1",numeric,NA,missing,"1,4",numeric,9,numeric,1,numeric,Tr,trace,28,numeric,"0,2",numeric,579,numeric,15,numeric,Tr,trace,Tr,trace,924,numeric,,missing,,missing,Tr,trace,Tr,trace,Tr,trace,Tr,trace,Tr,trace
262,"Manteiga, sem sal",Gorduras e óleos,45,46,"13,6",numeric,758,numeric,3170,numeric,"0,4",numeric,"86,0",numeric,214,numeric,"0,0",numeric,NA,missing,"0,1",numeric,4,numeric,1,numeric,Tr,trace,7,numeric,Tr,trace,4,numeric,5,numeric,"0,04",numeric,Tr,trace,1013,numeric,,missing,,missing,Tr,trace,Tr,trace,Tr,trace,Tr,trace,Tr,trace
263,"Margarina, com óleo hidrogenado, com sal (65% de lipídeos)",Gorduras e óleos,45,46,"32,2",numeric,596,numeric,2494,numeric,Tr,trace,"67,4",numeric,NA,missing,"0,0",numeric,NA,missing,"1,9",numeric,6,numeric,1,numeric,Tr,trace,7,numeric,"0,1",numeric,894,numeric,21,numeric,Tr,trace,Tr,trace,462,numeric,,missing,,missing,Tr,trace,Tr,trace,Tr,trace,Tr,trace,Tr,trace
264,"Margarina, com óleo hidrogenado, sem sal (80% de lipídeos)",Gorduras e óleos,45,46,"19,6",numeric,723,numeric,3023,numeric,Tr,trace,"81,7",numeric,NA,missing,"0,0",numeric,NA,missing,"0,2",numeric,3,numeric,1,numeric,Tr,trace,4,numeric,"0,1",numeric,78,numeric,2,numeric,Tr,trace,Tr,trace,534,numeric,,missing,,missing,Tr,trace,Tr,trace,Tr,trace,Tr,trace,Tr,trace
265,"Margarina, com óleo interesterificado, com sal (65%de lipídeos)",Gorduras e óleos,45,46,"32,0",numeric,594,numeric,2487,numeric,Tr,trace,"67,2",numeric,NA,missing,"0,0",numeric,NA,missing,"1,2",numeric,5,numeric,1,numeric,Tr,trace,6,numeric,Tr,trace,561,numeric,15,numeric,Tr,trace,Tr,trace,385,numeric,,missing,,missing,Tr,trace,Tr,trace,Tr,trace,Tr,trace,Tr,trace
266,"Margarina, com óleo interesterificado, sem sal (65% de lipídeos)",Gorduras e óleos,45,46,"33,4",numeric,593,numeric,2482,numeric,Tr,trace,"67,1",numeric,NA,missing,"0,0",numeric,NA,missing,"0,1",numeric,5,numeric,1,numeric,Tr,trace,7,numeric,"0,1",numeric,33,numeric,5,numeric,Tr,trace,Tr,trace,245,numeric,,missing,,missing,Tr,trace,Tr,trace,Tr,trace,Tr,trace,Tr,trace
267,"Óleo, de babaçu",Gorduras e óleos,45,46,NA,missing,884,numeric,3699,numeric,NA,missing,"100,0",numeric,NA,missing,NA,missing,NA,missing,,missing,,missing,,missing,,missing,,missing,,missing,,missing,,missing,,missing,,missing,NA,missing,,missing,,missing,,missing,,missing,,missing,,missing,,missing
268,"Óleo, de canola",Gorduras e óleos,45,46,NA,missing,884,numeric,3699,numeric,NA,missing,"100,0",numeric,NA,missing,NA,missing,NA,missing,,missing,,missing,,missing,,missing,,missing,,missing,,missing,,missing,,missing,,missing,NA,missing,,missing,,missing,,missing,,missing,,missing,,missing,,missing
269,"Óleo, de girassol",Gorduras e óleos,45,46,NA,missing,884,numeric,3699,numeric,NA,missing,"100,0",numeric,NA,missing,NA,missing,NA,missing,,missing,,missing,,missing,,missing,,missing,,missing,,missing,,missing,,missing,,missing,NA,missing,,missing,,missing,,missing,,missing,,missing,,missing,,missing
270,"Óleo, de milho",Gorduras e óleos,45,46,NA,missing,884,numeric,3699,numeric,NA,missing,"100,0",numeric,NA,missing,NA,missing,NA,missing,,missing,,missing,,missing,,missing,,missing,,missing,,missing,,missing,,missing,,missing,NA,missing,,missing,,missing,,missing,,missing,,missing,,missing,,missing
271,"Óleo, de pequi",Gorduras e óleos,45,46,NA,missing,884,numeric,3699,numeric,NA,missing,"100,0",numeric,NA,missing,NA,missing,NA,missing,,missing,,missing,,missing,,missing,,missing,,missing,,missing,,missing,,missing,,missing,NA,missing,,missing,,missing,,missing,,missing,,missing,,missing,,missing
272,"Óleo, de soja",Gorduras e óleos,45,46,NA,missing,884,numeric,3699,numeric,NA,missing,"100,0",numeric,NA,missing,NA,missing,NA,missing,,missing,,missing,,missing,,missing,,missing,,missing,,missing,,missing,,missing,,missing,NA,missing,,missing,,missing,,missing,,missing,,missing,,missing,,missing
273,"Abadejo, filé, congelado, assado",Pescados e frutos do mar,45,46,"74,3",numeric,112,numeric,467,numeric,"23,5",numeric,"1,2",numeric,103,numeric,"0,0",numeric,NA,missing,"1,6",numeric,23,numeric,20,numeric,Tr,trace,338,numeric,"0,5",numeric,334,numeric,156,numeric,"0,03",numeric,"0,5",numeric,Tr,trace,Tr,trace,Tr,trace,Tr,trace,Tr,trace,Tr,trace,"0,44",numeric,,missing
274,"Abadejo, filé, congelado,cozido",Pescados e frutos do mar,45,46,"79,7",numeric,91,numeric,381,numeric,"19,3",numeric,"0,9",numeric,87,numeric,"0,0",numeric,NA,missing,"0,9",numeric,17,numeric,16,numeric,Tr,trace,351,numeric,"0,3",numeric,189,numeric,146,numeric,"0,03",numeric,"0,4",numeric,Tr,trace,Tr,trace,Tr,trace,Tr,trace,Tr,trace,Tr,trace,Tr,trace,,missing
275,"Abadejo, filé, congelado, cru",Pescados e frutos do mar,45,46,"86,4",numeric,59,numeric,247,numeric,"13,1",numeric,"0,4",numeric,31,numeric,"0,0",numeric,NA,missing,"0,6",numeric,10,numeric,14,numeric,"0,01",numeric,91,numeric,"0,1",numeric,79,numeric,148,numeric,"0,14",numeric,"0,4",numeric,Tr,trace,Tr,trace,Tr,trace,"0,04",numeric,Tr,trace,Tr,trace,"4,60",numeric,,missing
276,"Abadejo, filé, congelado, grelhado",Pescados e frutos do mar,45,46,"71,0",numeric,130,numeric,542,numeric,"27,6",numeric,"1,3",numeric,136,numeric,"0,0",numeric,NA,missing,"1,6",numeric,20,numeric,22,numeric,Tr,trace,581,numeric,"0,3",numeric,305,numeric,279,numeric,Tr,trace,"0,4",numeric,6,numeric,6,numeric,6,numeric,"0,03",numeric,Tr,trace,Tr,trace,"0,44",numeric,,missing
277,"Atum, conserva em óleo",Pescados e frutos do mar,45,46,"64,5",numeric,166,numeric,694,numeric,"26,2",numeric,"6,0",numeric,53,numeric,"0,0",numeric,NA,missing,"1,5",numeric,7,numeric,29,numeric,Tr,trace,211,numeric,"1,2",numeric,362,numeric,280,numeric,"0,04",numeric,"0,6",numeric,Tr,trace,Tr,trace,Tr,trace,"0,15",numeric,"0,03",numeric,Tr,trace,"3,17",numeric,,missing
278,"Atum, fresco, cru",Pescados e frutos do mar,45,46,"73,1",numeric,118,numeric,492,numeric,"25,7",numeric,"0,9",numeric,48,numeric,"0,0",numeric,NA,missing,"1,3",numeric,7,numeric,32,numeric,Tr,trace,254,numeric,"1,3",numeric,30,numeric,308,numeric,"0,09",numeric,"0,4",numeric,20,numeric,20,numeric,20,numeric,Tr,trace,"0,04",numeric,Tr,trace,"5,94",numeric,,missing
279,"Bacalhau, salgado, cru",Pescados e frutos do mar,47,48,"47,9",numeric,136,numeric,569,numeric,"29,0",numeric,"1,3",numeric,139,numeric,"0,0",numeric,NA,missing,"22,5",numeric,157,numeric,49,numeric,"0,03",numeric,186,numeric,"0,9",numeric,13585,numeric,434,numeric,"0,09",numeric,"0,7",numeric,Tr,trace,Tr,trace,Tr,trace,Tr,trace,"0,21",numeric,Tr,trace,*,missing,,missing
280,"Bacalhau, salgado, refogado",Pescados e frutos do mar,47,48,"65,9",numeric,140,numeric,584,numeric,"24,0",numeric,"3,6",numeric,112,numeric,"1,2",numeric,*,missing,"5,3",numeric,59,numeric,15,numeric,Tr,trace,51,numeric,"0,2",numeric,1256,numeric,50,numeric,"0,04",numeric,"0,6",numeric,Tr,trace,Tr,trace,Tr,trace,"0,03",numeric,"0,05",numeric,Tr,trace,"5,17",numeric,Tr,trace
281,"Cação, posta, com farinha de trigo, frita",Pescados e frutos do mar,47,48,"60,6",numeric,208,numeric,872,numeric,"25,0",numeric,"10,0",numeric,75,numeric,"3,1",numeric,"0,5",numeric,"1,4",numeric,30,numeric,26,numeric,"0,06",numeric,462,numeric,"1,0",numeric,160,numeric,420,numeric,Tr,trace,"0,6",numeric,17,numeric,17,numeric,17,numeric,Tr,trace,Tr,trace,Tr,trace,"0,77",numeric,,missing
282,"Cação, posta, cozida",Pescados e frutos do mar,47,48,"75,9",numeric,116,numeric,485,numeric,"25,6",numeric,"0,7",numeric,83,numeric,"0,0",numeric,NA,missing,"1,2",numeric,10,numeric,21,numeric,Tr,trace,204,numeric,"0,3",numeric,115,numeric,249,numeric,"0,03",numeric,"0,6",numeric,12,numeric,12,numeric,12,numeric,Tr,trace,"0,04",numeric,Tr,trace,"9,77",numeric,,missing
283,"Cação, posta, crua",Pescados e frutos do mar,47,48,"81,4",numeric,83,numeric,349,numeric,"17,9",numeric,"0,8",numeric,36,numeric,"0,0",numeric,NA,missing,"1,2",numeric,9,numeric,19,numeric,"0,04",numeric,181,numeric,"0,2",numeric,176,numeric,299,numeric,"0,13",numeric,"0,3",numeric,6,numeric,6,numeric,6,numeric,"0,04",numeric,Tr,trace,Tr,trace,"1,31",numeric,,missing
284,"Camarão, Rio Grande, grande, cozido",Pescados e frutos do mar,47,48,"78,7",numeric,90,numeric,377,numeric,"19,0",numeric,"1,0",numeric,241,numeric,"0,0",numeric,NA,missing,"1,7",numeric,90,numeric,19,numeric,"0,06",numeric,266,numeric,"1,3",numeric,367,numeric,102,numeric,"0,17",numeric,"1,2",numeric,Tr,trace,Tr,trace,Tr,trace,Tr,trace,Tr,trace,Tr,trace,"1,07",numeric,,missing
285,"Camarão, Rio Grande, grande, cru",Pescados e frutos do mar,47,48,"89,1",numeric,47,numeric,197,numeric,"10,0",numeric,"0,5",numeric,124,numeric,"0,0",numeric,NA,missing,"0,8",numeric,51,numeric,27,numeric,"0,04",numeric,234,numeric,"0,7",numeric,201,numeric,72,numeric,"0,11",numeric,"0,7",numeric,20,numeric,20,numeric,20,numeric,Tr,trace,Tr,trace,Tr,trace,Tr,trace,,missing
286,"Camarão, Sete Barbas, sem cabeça, com casca, frito",Pescados e frutos do mar,47,48,"61,0",numeric,231,numeric,968,numeric,"18,4",numeric,"15,6",numeric,283,numeric,"2,9",numeric,NA,missing,"2,1",numeric,960,numeric,74,numeric,"0,38",numeric,337,numeric,"2,4",numeric,99,numeric,107,numeric,"0,19",numeric,"1,1",numeric,Tr,trace,Tr,trace,Tr,trace,"0,05",numeric,Tr,trace,Tr,trace,"0,35",numeric,,missing
287,"Caranguejo, cozido",Pescados e frutos do mar,47,48,"77,0",numeric,83,numeric,346,numeric,"18,5",numeric,"0,4",numeric,85,numeric,"0,0",numeric,NA,missing,"3,5",numeric,357,numeric,52,numeric,"0,07",numeric,154,numeric,"2,9",numeric,360,numeric,186,numeric,"0,72",numeric,"5,7",numeric,Tr,trace,Tr,trace,Tr,trace,"0,04",numeric,"0,31",numeric,Tr,trace,"4,17",numeric,Tr,trace
288,"Corimba, cru",Pescados e frutos do mar,47,48,"75,6",numeric,128,numeric,536,numeric,"17,4",numeric,"6,0",numeric,40,numeric,"0,0",numeric,NA,missing,"1,0",numeric,40,numeric,23,numeric,"0,02",numeric,190,numeric,"0,5",numeric,47,numeric,317,numeric,"0,03",numeric,"0,4",numeric,Tr,trace,Tr,trace,Tr,trace,Tr,trace,Tr,trace,Tr,trace,"1,87",numeric,,missing
289,"Corimbatá, assado",Pescados e frutos do mar,47,48,"59,9",numeric,261,numeric,1094,numeric,"19,9",numeric,"19,6",numeric,80,numeric,"0,0",numeric,NA,missing,"1,0",numeric,22,numeric,24,numeric,"0,01",numeric,221,numeric,"1,0",numeric,40,numeric,326,numeric,"0,03",numeric,"0,7",numeric,Tr,trace,Tr,trace,Tr,trace,"0,13",numeric,"0,06",numeric,Tr,trace,"2,70",numeric,,missing
290,"Corimbatá, cozido",Pescados e frutos do mar,47,48,"64,6",numeric,239,numeric,999,numeric,"20,1",numeric,"16,9",numeric,75,numeric,"0,0",numeric,NA,missing,"0,8",numeric,65,numeric,23,numeric,"0,02",numeric,185,numeric,"0,6",numeric,37,numeric,254,numeric,"0,05",numeric,"1,0",numeric,Tr,trace,Tr,trace,Tr,trace,Tr,trace,Tr,trace,Tr,trace,"2,09",numeric,,missing
291,"Corvina de água doce, crua",Pescados e frutos do mar,47,48,"79,2",numeric,101,numeric,423,numeric,"18,9",numeric,"2,2",numeric,73,numeric,"0,0",numeric,NA,missing,"1,0",numeric,39,numeric,25,numeric,"0,02",numeric,154,numeric,"0,3",numeric,45,numeric,293,numeric,"0,02",numeric,"0,4",numeric,8,numeric,8,numeric,8,numeric,Tr,trace,"0,08",numeric,Tr,trace,*,missing,,missing
292,"Corvina do mar, crua",Pescados e frutos do mar,47,48,"79,4",numeric,94,numeric,392,numeric,"18,6",numeric,"1,6",numeric,67,numeric,"0,0",numeric,NA,missing,"1,1",numeric,*,missing,24,numeric,"0,01",numeric,183,numeric,"0,4",numeric,68,numeric,339,numeric,"0,03",numeric,"0,4",numeric,65,numeric,65,numeric,65,numeric,"0,12",numeric,"0,05",numeric,Tr,trace,"2,62",numeric,,missing
293,"Corvina grande, assada",Pescados e frutos do mar,47,48,"69,0",numeric,147,numeric,613,numeric,"26,8",numeric,"3,6",numeric,117,numeric,"0,0",numeric,NA,missing,"1,3",numeric,60,numeric,24,numeric,"0,03",numeric,176,numeric,"0,5",numeric,85,numeric,291,numeric,"0,02",numeric,"0,7",numeric,Tr,trace,Tr,trace,Tr,trace,"0,11",numeric,"0,10",numeric,Tr,trace,"4,23",numeric,,missing
294,"Corvina grande, cozida",Pescados e frutos do mar,47,48,"73,6",numeric,100,numeric,419,numeric,"23,4",numeric,"2,6",numeric,123,numeric,"0,0",numeric,NA,missing,"0,9",numeric,69,numeric,22,numeric,"0,02",numeric,164,numeric,"0,6",numeric,68,numeric,194,numeric,"0,03",numeric,"0,7",numeric,6,numeric,6,numeric,6,numeric,Tr,trace,"0,03",numeric,Tr,trace,"0,77",numeric,,missing
295,"Dourada de água doce, fresca",Pescados e frutos do mar,47,48,"76,2",numeric,131,numeric,549,numeric,"18,8",numeric,"5,6",numeric,52,numeric,"0,0",numeric,NA,missing,"1,1",numeric,12,numeric,26,numeric,"0,01",numeric,189,numeric,"0,2",numeric,40,numeric,393,numeric,"0,02",numeric,"0,5",numeric,Tr,trace,Tr,trace,Tr,trace,Tr,trace,Tr,trace,Tr,trace,"3,70",numeric,,missing
296,"Lambari, congelado, cru",Pescados e frutos do mar,47,48,"71,9",numeric,131,numeric,547,numeric,"16,8",numeric,"6,5",numeric,159,numeric,"0,0",numeric,NA,missing,"3,6",numeric,1181,numeric,45,numeric,"0,28",numeric,696,numeric,"0,9",numeric,48,numeric,244,numeric,"0,09",numeric,"3,3",numeric,4,numeric,4,numeric,4,numeric,"0,05",numeric,Tr,trace,Tr,trace,"3,30",numeric,,missing
297,"Lambari, congelado, frito",Pescados e frutos do mar,47,48,"40,1",numeric,327,numeric,1368,numeric,"28,4",numeric,"22,8",numeric,246,numeric,"0,0",numeric,NA,missing,"6,2",numeric,1881,numeric,66,numeric,"0,34",numeric,1067,numeric,"0,8",numeric,65,numeric,331,numeric,"0,31",numeric,"5,6",numeric,9,numeric,9,numeric,9,numeric,"0,25",numeric,"0,03",numeric,"0,04",numeric,"8,93",numeric,,missing
298,"Lambari, fresco, cru",Pescados e frutos do mar,47,48,"72,2",numeric,152,numeric,634,numeric,"15,7",numeric,"9,4",numeric,144,numeric,"0,0",numeric,NA,missing,"2,2",numeric,590,numeric,32,numeric,"0,41",numeric,441,numeric,"0,6",numeric,41,numeric,207,numeric,"0,05",numeric,"2,4",numeric,Tr,trace,Tr,trace,Tr,trace,Tr,trace,"0,03",numeric,"0,07",numeric,"1,86",numeric,,missing
299,"Manjuba, com farinha de trigo, frita",Pescados e frutos do mar,47,48,"41,3",numeric,344,numeric,1437,numeric,"23,5",numeric,"22,6",numeric,282,numeric,"10,2",numeric,"0,4",numeric,"2,4",numeric,763,numeric,47,numeric,"0,36",numeric,578,numeric,"3,0",numeric,37,numeric,319,numeric,"0,15",numeric,"3,8",numeric,30,numeric,30,numeric,30,numeric,"0,05",numeric,"0,07",numeric,Tr,trace,"0,79",numeric,,missing
300,"Manjuba, frita",Pescados e frutos do mar,47,48,"40,7",numeric,349,numeric,1462,numeric,"30,1",numeric,"24,5",numeric,270,numeric,"0,0",numeric,NA,missing,"4,2",numeric,575,numeric,32,numeric,"0,21",numeric,735,numeric,"0,9",numeric,41,numeric,318,numeric,"0,14",numeric,"3,2",numeric,12,numeric,12,numeric,12,numeric,"0,03",numeric,"0,03",numeric,Tr,trace,"7,27",numeric,,missing
301,"Merluza, filé, assado",Pescados e frutos do mar,47,48,"70,7",numeric,122,numeric,510,numeric,"26,6",numeric,"0,9",numeric,91,numeric,"0,0",numeric,NA,missing,"1,2",numeric,36,numeric,20,numeric,"0,03",numeric,273,numeric,"0,4",numeric,120,numeric,364,numeric,"0,03",numeric,"0,9",numeric,Tr,trace,Tr,trace,Tr,trace,"0,05",numeric,Tr,trace,Tr,trace,"7,97",numeric,,missing
302,"Merluza, filé, cru",Pescados e frutos do mar,47,48,"82,1",numeric,89,numeric,373,numeric,"16,6",numeric,"2,0",numeric,57,numeric,"0,0",numeric,NA,missing,"1,1",numeric,20,numeric,27,numeric,"0,01",numeric,185,numeric,"0,2",numeric,80,numeric,340,numeric,Tr,trace,"0,3",numeric,Tr,trace,Tr,trace,Tr,trace,Tr,trace,Tr,trace,Tr,trace,"1,34",numeric,,missing
303,"Merluza, filé, frito",Pescados e frutos do mar,47,48,"63,5",numeric,192,numeric,802,numeric,"26,9",numeric,"8,5",numeric,109,numeric,"0,0",numeric,NA,missing,"1,5",numeric,36,numeric,38,numeric,"0,02",numeric,279,numeric,"0,4",numeric,90,numeric,447,numeric,"0,03",numeric,"0,6",numeric,Tr,trace,Tr,trace,Tr,trace,"0,05",numeric,Tr,trace,Tr,trace,"0,77",numeric,,missing
304,"Pescada, branca, crua",Pescados e frutos do mar,47,48,"79,6",numeric,111,numeric,464,numeric,"16,3",numeric,"4,6",numeric,51,numeric,"0,0",numeric,NA,missing,"0,9",numeric,16,numeric,19,numeric,"0,01",numeric,136,numeric,"0,2",numeric,76,numeric,261,numeric,Tr,trace,"0,3",numeric,3,numeric,3,numeric,3,numeric,Tr,trace,"0,04",numeric,Tr,trace,"0,60",numeric,,missing
305,"Pescada, branca, frita",Pescados e frutos do mar,47,48,"57,0",numeric,223,numeric,933,numeric,"27,4",numeric,"11,8",numeric,165,numeric,"0,0",numeric,NA,missing,"3,2",numeric,378,numeric,30,numeric,"0,06",numeric,504,numeric,"0,5",numeric,107,numeric,355,numeric,"0,08",numeric,"1,1",numeric,39,numeric,39,numeric,39,numeric,"0,08",numeric,"0,11",numeric,Tr,trace,"8,07",numeric,,missing
306,"Pescada, filé, com farinha de trigo, frito",Pescados e frutos do mar,47,48,"53,2",numeric,283,numeric,1186,numeric,"21,4",numeric,"19,1",numeric,73,numeric,"5,0",numeric,Tr,trace,"1,2",numeric,26,numeric,28,numeric,"0,07",numeric,216,numeric,"0,9",numeric,91,numeric,216,numeric,"0,03",numeric,"0,4",numeric,18,numeric,18,numeric,18,numeric,Tr,trace,"0,03",numeric,Tr,trace,"0,60",numeric,,missing
307,"Pescada, filé, cru",Pescados e frutos do mar,47,48,"79,5",numeric,107,numeric,449,numeric,"16,7",numeric,"4,0",numeric,65,numeric,"0,0",numeric,NA,missing,"0,9",numeric,14,numeric,23,numeric,"0,01",numeric,141,numeric,"0,2",numeric,77,numeric,253,numeric,Tr,trace,"0,3",numeric,48,numeric,48,numeric,48,numeric,Tr,trace,"0,05",numeric,Tr,trace,"3,10",numeric,,missing
308,"Pescada, filé, frito",Pescados e frutos do mar,47,48,"66,8",numeric,154,numeric,645,numeric,"28,6",numeric,"3,6",numeric,81,numeric,"0,0",numeric,NA,missing,"1,7",numeric,10,numeric,21,numeric,Tr,trace,204,numeric,"0,3",numeric,115,numeric,249,numeric,"0,03",numeric,"0,6",numeric,4,numeric,4,numeric,4,numeric,"0,14",numeric,Tr,trace,Tr,trace,"8,87",numeric,,missing
309,"Pescada, filé, molho escabeche",Pescados e frutos do mar,47,48,"74,5",numeric,142,numeric,594,numeric,"11,8",numeric,"8,0",numeric,43,numeric,"5,0",numeric,"0,8",numeric,"0,7",numeric,20,numeric,18,numeric,"0,08",numeric,105,numeric,"1,5",numeric,51,numeric,208,numeric,"0,36",numeric,"0,3",numeric,19,numeric,,missing,,missing,Tr,trace,"0,03",numeric,Tr,trace,"1,10",numeric,"6,9",numeric
310,"Pescadinha, crua",Pescados e frutos do mar,47,48,"80,6",numeric,76,numeric,320,numeric,"15,5",numeric,"1,1",numeric,84,numeric,"0,0",numeric,NA,missing,"2,0",numeric,332,numeric,34,numeric,"0,07",numeric,327,numeric,"0,5",numeric,120,numeric,304,numeric,"0,10",numeric,"0,6",numeric,Tr,trace,Tr,trace,Tr,trace,"0,08",numeric,Tr,trace,Tr,trace,"6,60",numeric,,missing
311,"Pintado, assado",Pescados e frutos do mar,49,50,"57,0",numeric,192,numeric,801,numeric,"36,5",numeric,"4,0",numeric,126,numeric,"0,0",numeric,NA,missing,"2,0",numeric,114,numeric,42,numeric,"0,08",numeric,332,numeric,"0,8",numeric,81,numeric,527,numeric,"0,04",numeric,"2,1",numeric,7,numeric,7,numeric,7,numeric,"0,03",numeric,Tr,trace,Tr,trace,"6,63",numeric,,missing
312,"Pintado, cru",Pescados e frutos do mar,49,50,"80,3",numeric,91,numeric,381,numeric,"18,6",numeric,"1,3",numeric,50,numeric,"0,0",numeric,NA,missing,"1,1",numeric,12,numeric,24,numeric,"0,01",numeric,174,numeric,"0,2",numeric,43,numeric,294,numeric,"0,03",numeric,"0,4",numeric,Tr,trace,Tr,trace,Tr,trace,Tr,trace,Tr,trace,Tr,trace,"4,95",numeric,,missing
313,"Pintado, grelhado",Pescados e frutos do mar,49,50,"65,5",numeric,152,numeric,637,numeric,"30,8",numeric,"2,3",numeric,99,numeric,"0,0",numeric,NA,missing,"1,6",numeric,69,numeric,27,numeric,"0,03",numeric,237,numeric,"0,5",numeric,53,numeric,360,numeric,"0,04",numeric,"0,8",numeric,5,numeric,5,numeric,5,numeric,"0,03",numeric,Tr,trace,Tr,trace,"2,87",numeric,,missing
314,"Porquinho, cru",Pescados e frutos do mar,49,50,"79,2",numeric,93,numeric,389,numeric,"20,5",numeric,"0,6",numeric,49,numeric,"0,0",numeric,NA,missing,"1,3",numeric,26,numeric,24,numeric,"0,05",numeric,207,numeric,"0,4",numeric,67,numeric,313,numeric,"0,04",numeric,"0,7",numeric,5,numeric,5,numeric,5,numeric,Tr,trace,Tr,trace,Tr,trace,"1,19",numeric,,missing
315,"Salmão, filé, com pele, fresco, grelhado",Pescados e frutos do mar,49,50,"60,9",numeric,229,numeric,957,numeric,"23,9",numeric,"14,0",numeric,85,numeric,"0,0",numeric,NA,missing,"1,3",numeric,29,numeric,28,numeric,"0,02",numeric,300,numeric,"0,5",numeric,85,numeric,384,numeric,"0,04",numeric,"0,6",numeric,Tr,trace,Tr,trace,Tr,trace,"0,13",numeric,"0,06",numeric,Tr,trace,"5,35",numeric,,missing
316,"Salmão, sem pele, fresco, cru",Pescados e frutos do mar,49,50,"69,0",numeric,170,numeric,710,numeric,"19,3",numeric,"9,7",numeric,53,numeric,"0,0",numeric,NA,missing,"1,2",numeric,9,numeric,27,numeric,Tr,trace,259,numeric,"0,2",numeric,64,numeric,376,numeric,"0,02",numeric,"0,3",numeric,Tr,trace,Tr,trace,Tr,trace,"0,20",numeric,"0,03",numeric,Tr,trace,"3,21",numeric,,missing
317,"Salmão, sem pele, fresco, grelhado",Pescados e frutos do mar,49,50,"58,1",numeric,243,numeric,1015,numeric,"26,1",numeric,"14,5",numeric,73,numeric,"0,0",numeric,NA,missing,"1,6",numeric,15,numeric,38,numeric,"0,01",numeric,352,numeric,"0,4",numeric,96,numeric,518,numeric,"0,04",numeric,"0,5",numeric,Tr,trace,Tr,trace,Tr,trace,"0,23",numeric,"0,03",numeric,Tr,trace,"6,30",numeric,,missing
318,"Sardinha, assada",Pescados e frutos do mar,49,50,"60,1",numeric,164,numeric,688,numeric,"32,2",numeric,"3,0",numeric,109,numeric,"0,0",numeric,NA,missing,"4,4",numeric,438,numeric,51,numeric,"0,24",numeric,578,numeric,"1,3",numeric,74,numeric,574,numeric,"0,14",numeric,"1,8",numeric,Tr,trace,Tr,trace,Tr,trace,"0,06",numeric,Tr,trace,Tr,trace,"5,83",numeric,,missing
319,"Sardinha, conserva em óleo",Pescados e frutos do mar,49,50,"55,1",numeric,285,numeric,1192,numeric,"15,9",numeric,"24,0",numeric,73,numeric,"0,0",numeric,NA,missing,"2,9",numeric,550,numeric,35,numeric,"0,11",numeric,496,numeric,"3,5",numeric,666,numeric,367,numeric,"0,03",numeric,"1,6",numeric,Tr,trace,Tr,trace,Tr,trace,"0,42",numeric,"0,04",numeric,Tr,trace,"6,55",numeric,,missing
320,"Sardinha, frita",Pescados e frutos do mar,49,50,"48,5",numeric,257,numeric,1075,numeric,"33,4",numeric,"12,7",numeric,103,numeric,"0,0",numeric,NA,missing,"4,3",numeric,482,numeric,39,numeric,"0,25",numeric,629,numeric,"1,1",numeric,60,numeric,460,numeric,"0,14",numeric,"1,6",numeric,Tr,trace,Tr,trace,Tr,trace,"0,06",numeric,Tr,trace,Tr,trace,"7,10",numeric,,missing
321,"Sardinha, inteira, crua",Pescados e frutos do mar,49,50,"76,6",numeric,114,numeric,477,numeric,"21,1",numeric,"2,7",numeric,61,numeric,"0,0",numeric,NA,missing,"1,6",numeric,167,numeric,29,numeric,"0,10",numeric,294,numeric,"1,3",numeric,60,numeric,312,numeric,"0,13",numeric,"1,3",numeric,Tr,trace,Tr,trace,Tr,trace,Tr,trace,"0,07",numeric,Tr,trace,"7,70",numeric,,missing
322,"Tucunaré, filé, congelado, cru",Pescados e frutos do mar,49,50,"79,9",numeric,88,numeric,367,numeric,"18,0",numeric,"1,2",numeric,47,numeric,"0,0",numeric,NA,missing,"1,0",numeric,19,numeric,26,numeric,"0,01",numeric,168,numeric,"0,3",numeric,57,numeric,288,numeric,"0,10",numeric,"0,4",numeric,Tr,trace,Tr,trace,Tr,trace,Tr,trace,"0,05",numeric,Tr,trace,"0,90",numeric,,missing
323,Apresuntado,Carnes e derivados,49,50,"73,7",numeric,129,numeric,539,numeric,"13,5",numeric,"6,7",numeric,38,numeric,"2,9",numeric,NA,missing,"3,3",numeric,23,numeric,15,numeric,"0,04",numeric,225,numeric,"0,9",numeric,943,numeric,270,numeric,"0,03",numeric,"1,6",numeric,Tr,trace,,missing,,missing,"0,62",numeric,"0,04",numeric,Tr,trace,"0,70",numeric,Tr,trace
324,"Caldo de carne, tablete",Carnes e derivados,49,50,"2,9",numeric,241,numeric,1007,numeric,"7,8",numeric,"16,6",numeric,Tr,trace,"15,1",numeric,"0,6",numeric,"57,6",numeric,129,numeric,22,numeric,"0,02",numeric,123,numeric,Tr,trace,22180,numeric,218,numeric,Tr,trace,Tr,trace,Tr,trace,,missing,,missing,"0,70",numeric,"0,07",numeric,"0,27",numeric,Tr,trace,,missing
325,"Caldo de galinha, tablete",Carnes e derivados,49,50,"3,4",numeric,251,numeric,1052,numeric,"6,3",numeric,"20,4",numeric,2,numeric,"10,6",numeric,"11,8",numeric,"59,3",numeric,16,numeric,13,numeric,"0,13",numeric,48,numeric,"0,7",numeric,22300,numeric,68,numeric,Tr,trace,"0,3",numeric,Tr,trace,,missing,,missing,"0,05",numeric,"0,04",numeric,Tr,trace,*,missing,,missing
326,"Carne, bovina, acém, moído, cozido",Carnes e derivados,49,50,"61,6",numeric,212,numeric,889,numeric,"26,7",numeric,"10,9",numeric,103,numeric,"0,0",numeric,NA,missing,"0,8",numeric,4,numeric,17,numeric,"0,01",numeric,164,numeric,"2,7",numeric,52,numeric,256,numeric,"0,06",numeric,"8,1",numeric,Tr,trace,Tr,trace,Tr,trace,Tr,trace,"0,32",numeric,Tr,trace,"1,76",numeric,,missing
327,"Carne, bovina, acém, moído, cru",Carnes e derivados,49,50,"72,7",numeric,137,numeric,571,numeric,"19,4",numeric,"5,9",numeric,58,numeric,"0,0",numeric,NA,missing,"0,9",numeric,3,numeric,14,numeric,Tr,trace,158,numeric,"1,8",numeric,49,numeric,237,numeric,"0,08",numeric,"6,3",numeric,2,numeric,2,numeric,2,numeric,"0,15",numeric,"0,21",numeric,"0,03",numeric,"4,33",numeric,,missing
328,"Carne, bovina, acém, sem gordura, cozido",Carnes e derivados,49,50,"60,4",numeric,215,numeric,898,numeric,"27,3",numeric,"10,9",numeric,107,numeric,"0,0",numeric,NA,missing,"0,8",numeric,7,numeric,14,numeric,Tr,trace,164,numeric,"2,4",numeric,56,numeric,254,numeric,"0,07",numeric,"8,0",numeric,Tr,trace,Tr,trace,Tr,trace,Tr,trace,"0,04",numeric,"0,07",numeric,"1,63",numeric,,missing
329,"Carne, bovina, acém, sem gordura, cru",Carnes e derivados,49,50,"71,5",numeric,144,numeric,603,numeric,"20,8",numeric,"6,1",numeric,53,numeric,"0,0",numeric,NA,missing,"1,0",numeric,5,numeric,13,numeric,Tr,trace,144,numeric,"1,5",numeric,50,numeric,234,numeric,"0,04",numeric,"5,2",numeric,2,numeric,2,numeric,2,numeric,"0,12",numeric,"0,12",numeric,Tr,trace,"2,33",numeric,,missing
330,"Carne, bovina, almôndegas, cruas",Carnes e derivados,49,50,"64,3",numeric,189,numeric,792,numeric,"12,3",numeric,"11,2",numeric,34,numeric,"9,8",numeric,*,missing,"2,4",numeric,22,numeric,24,numeric,"0,17",numeric,145,numeric,"1,6",numeric,621,numeric,328,numeric,"0,15",numeric,"2,3",numeric,Tr,trace,,missing,,missing,"0,11",numeric,"0,04",numeric,Tr,trace,"2,20",numeric,,missing
331,"Carne, bovina, almôndegas, fritas",Carnes e derivados,49,50,"48,1",numeric,272,numeric,1137,numeric,"18,2",numeric,"15,8",numeric,36,numeric,"14,3",numeric,*,missing,"3,7",numeric,27,numeric,48,numeric,"0,41",numeric,244,numeric,"1,9",numeric,1030,numeric,536,numeric,"0,19",numeric,"2,6",numeric,Tr,trace,,missing,,missing,"0,13",numeric,"0,07",numeric,Tr,trace,"6,60",numeric,,missing
332,"Carne, bovina, bucho, cozido",Carnes e derivados,49,50,"74,1",numeric,133,numeric,557,numeric,"21,6",numeric,"4,5",numeric,245,numeric,"0,0",numeric,NA,missing,"0,3",numeric,13,numeric,7,numeric,"0,01",numeric,63,numeric,"0,6",numeric,38,numeric,70,numeric,"0,05",numeric,"2,5",numeric,Tr,trace,Tr,trace,Tr,trace,Tr,trace,Tr,trace,Tr,trace,"2,18",numeric,,missing
333,"Carne, bovina, bucho, cru",Carnes e derivados,49,50,"75,0",numeric,137,numeric,574,numeric,"20,5",numeric,"5,5",numeric,145,numeric,"0,0",numeric,NA,missing,"0,4",numeric,9,numeric,6,numeric,"0,01",numeric,61,numeric,"0,5",numeric,45,numeric,85,numeric,"0,06",numeric,"2,1",numeric,Tr,trace,Tr,trace,Tr,trace,Tr,trace,Tr,trace,Tr,trace,"2,13",numeric,,missing
334,"Carne, bovina, capa de contra-filé, com gordura, crua",Carnes e derivados,49,50,"64,8",numeric,217,numeric,908,numeric,"19,2",numeric,"15,0",numeric,63,numeric,"0,0",numeric,NA,missing,"0,9",numeric,6,numeric,17,numeric,"0,01",numeric,144,numeric,"1,5",numeric,58,numeric,267,numeric,"0,06",numeric,"3,5",numeric,4,numeric,4,numeric,4,numeric,"0,09",numeric,"0,09",numeric,"0,12",numeric,"1,55",numeric,,missing
335,"Carne, bovina, capa de contra-filé, com gordura, grelhada",Carnes e derivados,49,50,"47,9",numeric,312,numeric,1304,numeric,"30,7",numeric,"20,0",numeric,120,numeric,"0,0",numeric,NA,missing,"1,1",numeric,7,numeric,18,numeric,Tr,trace,214,numeric,"2,6",numeric,81,numeric,323,numeric,"0,13",numeric,"6,2",numeric,Tr,trace,Tr,trace,Tr,trace,Tr,trace,"0,06",numeric,Tr,trace,"1,74",numeric,,missing
336,"Carne, bovina, capa de contra-filé, sem gordura, crua",Carnes e derivados,49,50,"73,0",numeric,131,numeric,548,numeric,"21,5",numeric,"4,3",numeric,58,numeric,"0,0",numeric,NA,missing,"1,0",numeric,6,numeric,20,numeric,Tr,trace,178,numeric,"2,0",numeric,79,numeric,325,numeric,"0,06",numeric,"4,6",numeric,Tr,trace,Tr,trace,Tr,trace,Tr,trace,"0,04",numeric,Tr,trace,"1,81",numeric,,missing
337,"Carne, bovina, capa de contra-filé, sem gordura, grelhada",Carnes e derivados,49,50,"53,7",numeric,239,numeric,1002,numeric,"35,1",numeric,"10,0",numeric,80,numeric,"0,0",numeric,NA,missing,"1,3",numeric,9,numeric,26,numeric,"0,01",numeric,287,numeric,"2,8",numeric,83,numeric,385,numeric,"0,12",numeric,"7,6",numeric,Tr,trace,Tr,trace,Tr,trace,"0,03",numeric,"0,08",numeric,Tr,trace,"1,86",numeric,,missing
338,"Carne, bovina, charque, cozido",Carnes e derivados,49,50,"45,8",numeric,263,numeric,1099,numeric,"36,4",numeric,"11,9",numeric,113,numeric,"0,0",numeric,NA,missing,"3,6",numeric,15,numeric,13,numeric,"0,02",numeric,101,numeric,"3,5",numeric,1443,numeric,90,numeric,"0,07",numeric,"6,1",numeric,Tr,trace,Tr,trace,Tr,trace,"0,05",numeric,"0,07",numeric,Tr,trace,"1,50",numeric,,missing
339,"Carne, bovina, charque, cru",Carnes e derivados,49,50,"44,5",numeric,249,numeric,1041,numeric,"22,7",numeric,"16,8",numeric,81,numeric,"0,0",numeric,NA,missing,"14,5",numeric,15,numeric,13,numeric,Tr,trace,122,numeric,"1,5",numeric,5875,numeric,236,numeric,"0,03",numeric,"3,9",numeric,Tr,trace,Tr,trace,Tr,trace,"0,12",numeric,"0,07",numeric,Tr,trace,"1,63",numeric,,missing
340,"Carne, bovina, contra-filé, à milanesa",Carnes e derivados,49,50,"42,2",numeric,352,numeric,1471,numeric,"20,6",numeric,"24,0",numeric,99,numeric,"12,2",numeric,"0,4",numeric,"1,1",numeric,15,numeric,27,numeric,"0,27",numeric,203,numeric,"2,9",numeric,77,numeric,271,numeric,"0,10",numeric,"2,9",numeric,15,numeric,,missing,,missing,"0,07",numeric,"0,04",numeric,Tr,trace,"3,02",numeric,,missing
341,"Carne, bovina, contra-filé de costela, cru",Carnes e derivados,51,52,"66,4",numeric,202,numeric,847,numeric,"19,8",numeric,"13,1",numeric,52,numeric,"0,0",numeric,NA,missing,"1,0",numeric,3,numeric,14,numeric,Tr,trace,164,numeric,"1,6",numeric,39,numeric,245,numeric,"0,04",numeric,"4,4",numeric,3,numeric,3,numeric,3,numeric,"0,14",numeric,"0,08",numeric,Tr,trace,"2,68",numeric,,missing
342,"Carne, bovina, contra-filé de costela, grelhado",Carnes e derivados,51,52,"52,2",numeric,275,numeric,1150,numeric,"29,9",numeric,"16,3",numeric,98,numeric,"0,0",numeric,NA,missing,"1,2",numeric,4,numeric,24,numeric,"0,01",numeric,252,numeric,"2,8",numeric,51,numeric,383,numeric,"0,08",numeric,"6,7",numeric,Tr,trace,Tr,trace,Tr,trace,Tr,trace,"0,19",numeric,"0,17",numeric,"2,75",numeric,,missing
343,"Carne, bovina, contra-filé, com gordura, cru",Carnes e derivados,51,52,"65,7",numeric,206,numeric,861,numeric,"21,2",numeric,"12,8",numeric,73,numeric,"0,0",numeric,NA,missing,"0,9",numeric,4,numeric,18,numeric,"0,01",numeric,164,numeric,"1,3",numeric,44,numeric,285,numeric,"0,04",numeric,"2,8",numeric,4,numeric,4,numeric,4,numeric,"0,11",numeric,"0,08",numeric,"0,03",numeric,"3,79",numeric,,missing
344,"Carne, bovina, contra-filé, com gordura, grelhado",Carnes e derivados,51,52,"51,7",numeric,278,numeric,1163,numeric,"32,4",numeric,"15,5",numeric,144,numeric,"0,0",numeric,NA,missing,"1,2",numeric,4,numeric,19,numeric,Tr,trace,219,numeric,"2,4",numeric,57,numeric,352,numeric,"0,09",numeric,"4,8",numeric,Tr,trace,Tr,trace,Tr,trace,Tr,trace,"0,18",numeric,"0,13",numeric,"4,91",numeric,,missing
345,"Carne, bovina, contra-filé, sem gordura, cru",Carnes e derivados,51,52,"69,1",numeric,157,numeric,655,numeric,"24,0",numeric,"6,0",numeric,59,numeric,"0,0",numeric,NA,missing,"1,0",numeric,4,numeric,21,numeric,Tr,trace,184,numeric,"1,7",numeric,53,numeric,335,numeric,"0,05",numeric,"3,2",numeric,Tr,trace,Tr,trace,Tr,trace,Tr,trace,"0,20",numeric,Tr,trace,"4,64",numeric,,missing
346,"Carne, bovina, contra-filé, sem gordura, grelhado",Carnes e derivados,51,52,"57,5",numeric,194,numeric,810,numeric,"35,9",numeric,"4,5",numeric,102,numeric,"0,0",numeric,NA,missing,"1,3",numeric,5,numeric,21,numeric,Tr,trace,241,numeric,"2,4",numeric,58,numeric,386,numeric,"0,09",numeric,"5,1",numeric,Tr,trace,Tr,trace,Tr,trace,Tr,trace,"0,17",numeric,"0,16",numeric,"4,93",numeric,,missing
347,"Carne, bovina, costela, assada",Carnes e derivados,51,52,"43,2",numeric,373,numeric,1561,numeric,"28,8",numeric,"27,7",numeric,95,numeric,"0,0",numeric,NA,missing,"1,0",numeric,28,numeric,20,numeric,Tr,trace,179,numeric,"2,2",numeric,92,numeric,270,numeric,"0,08",numeric,"5,5",numeric,Tr,trace,Tr,trace,Tr,trace,Tr,trace,"0,08",numeric,"0,35",numeric,"0,56",numeric,,missing
348,"Carne, bovina, costela, crua",Carnes e derivados,51,52,"52,7",numeric,358,numeric,1497,numeric,"16,7",numeric,"31,8",numeric,44,numeric,"0,0",numeric,NA,missing,"0,9",numeric,*,missing,12,numeric,Tr,trace,130,numeric,"1,2",numeric,70,numeric,151,numeric,Tr,trace,"2,7",numeric,5,numeric,5,numeric,5,numeric,"0,12",numeric,"0,11",numeric,Tr,trace,"5,99",numeric,,missing
349,"Carne, bovina, coxão duro, sem gordura, cozido",Carnes e derivados,51,52,"58,5",numeric,217,numeric,906,numeric,"31,9",numeric,"8,9",numeric,71,numeric,"0,0",numeric,NA,missing,"0,9",numeric,4,numeric,14,numeric,Tr,trace,189,numeric,"1,7",numeric,41,numeric,252,numeric,"0,07",numeric,"5,0",numeric,2,numeric,2,numeric,2,numeric,Tr,trace,Tr,trace,Tr,trace,"3,26",numeric,,missing
350,"Carne, bovina, coxão duro, sem gordura, cru",Carnes e derivados,51,52,"69,8",numeric,148,numeric,619,numeric,"21,5",numeric,"6,2",numeric,60,numeric,"0,0",numeric,NA,missing,"1,1",numeric,3,numeric,21,numeric,Tr,trace,189,numeric,"1,9",numeric,49,numeric,358,numeric,"0,05",numeric,"2,8",numeric,2,numeric,2,numeric,2,numeric,"0,12",numeric,"0,20",numeric,Tr,trace,"4,38",numeric,,missing
351,"Carne, bovina, coxão mole, sem gordura, cozido",Carnes e derivados,51,52,"58,0",numeric,219,numeric,915,numeric,"32,4",numeric,"8,9",numeric,84,numeric,"0,0",numeric,NA,missing,"1,2",numeric,4,numeric,13,numeric,Tr,trace,183,numeric,"2,6",numeric,44,numeric,239,numeric,"0,11",numeric,"4,7",numeric,2,numeric,2,numeric,2,numeric,Tr,trace,Tr,trace,Tr,trace,"4,09",numeric,,missing
352,"Carne, bovina, coxão mole, sem gordura, cru",Carnes e derivados,51,52,"68,6",numeric,169,numeric,707,numeric,"21,2",numeric,"8,7",numeric,84,numeric,"0,0",numeric,NA,missing,"1,0",numeric,3,numeric,21,numeric,Tr,trace,175,numeric,"1,9",numeric,61,numeric,335,numeric,"0,05",numeric,"2,6",numeric,3,numeric,3,numeric,3,numeric,"0,12",numeric,"0,19",numeric,Tr,trace,"2,32",numeric,,missing
353,"Carne, bovina, cupim, assado",Carnes e derivados,51,52,"48,4",numeric,330,numeric,1381,numeric,"28,6",numeric,"23,0",numeric,91,numeric,"0,0",numeric,NA,missing,"1,0",numeric,8,numeric,18,numeric,Tr,trace,212,numeric,"2,7",numeric,72,numeric,321,numeric,"0,08",numeric,"5,3",numeric,Tr,trace,Tr,trace,Tr,trace,Tr,trace,"0,08",numeric,"0,14",numeric,"2,16",numeric,,missing
354,"Carne, bovina, cupim, cru",Carnes e derivados,51,52,"64,8",numeric,221,numeric,926,numeric,"19,5",numeric,"15,3",numeric,51,numeric,"0,0",numeric,NA,missing,"0,9",numeric,4,numeric,13,numeric,Tr,trace,220,numeric,"1,1",numeric,47,numeric,151,numeric,"0,03",numeric,"2,4",numeric,3,numeric,3,numeric,3,numeric,"0,11",numeric,"0,05",numeric,"0,03",numeric,"3,33",numeric,,missing
355,"Carne, bovina, fígado, cru",Carnes e derivados,51,52,"71,3",numeric,141,numeric,590,numeric,"20,7",numeric,"5,4",numeric,393,numeric,"1,1",numeric,NA,missing,"1,5",numeric,4,numeric,12,numeric,"0,26",numeric,334,numeric,"5,6",numeric,76,numeric,265,numeric,"9,01",numeric,"3,5",numeric,7937,numeric,7937,numeric,7937,numeric,"0,14",numeric,"0,90",numeric,Tr,trace,"10,66",numeric,,missing
356,"Carne, bovina, fígado, grelhado",Carnes e derivados,51,52,"55,0",numeric,225,numeric,942,numeric,"29,9",numeric,"9,0",numeric,601,numeric,"4,2",numeric,NA,missing,"2,0",numeric,6,numeric,10,numeric,"0,22",numeric,420,numeric,"5,8",numeric,82,numeric,309,numeric,"12,58",numeric,"4,0",numeric,14574,numeric,14574,numeric,14574,numeric,"0,21",numeric,"2,69",numeric,Tr,trace,"11,92",numeric,,missing
357,"Carne, bovina, filé mingnon, sem gordura, cru",Carnes e derivados,51,52,"71,9",numeric,143,numeric,598,numeric,"21,6",numeric,"5,6",numeric,55,numeric,"0,0",numeric,NA,missing,"1,1",numeric,3,numeric,21,numeric,"0,01",numeric,193,numeric,"1,9",numeric,49,numeric,322,numeric,"0,08",numeric,"2,8",numeric,4,numeric,4,numeric,4,numeric,"0,12",numeric,"0,10",numeric,"0,04",numeric,"1,78",numeric,,missing
358,"Carne, bovina, filé mingnon, sem gordura, grelhado",Carnes e derivados,51,52,"57,0",numeric,220,numeric,919,numeric,"32,8",numeric,"8,8",numeric,103,numeric,"0,0",numeric,NA,missing,"1,3",numeric,4,numeric,28,numeric,"0,02",numeric,308,numeric,"2,9",numeric,58,numeric,326,numeric,"0,14",numeric,"4,1",numeric,Tr,trace,Tr,trace,Tr,trace,"0,03",numeric,"0,08",numeric,"0,05",numeric,"4,27",numeric,,missing
359,"Carne, bovina, flanco, sem gordura, cozido",Carnes e derivados,51,52,"62,0",numeric,196,numeric,818,numeric,"29,4",numeric,"7,8",numeric,62,numeric,"0,0",numeric,NA,missing,"0,9",numeric,4,numeric,14,numeric,Tr,trace,181,numeric,"2,8",numeric,42,numeric,249,numeric,"0,07",numeric,"5,6",numeric,2,numeric,2,numeric,2,numeric,Tr,trace,Tr,trace,Tr,trace,"2,32",numeric,,missing
360,"Carne, bovina, flanco, sem gordura, cru",Carnes e derivados,51,52,"72,1",numeric,141,numeric,592,numeric,"20,0",numeric,"6,2",numeric,50,numeric,"0,0",numeric,NA,missing,"1,0",numeric,3,numeric,18,numeric,Tr,trace,167,numeric,"1,6",numeric,54,numeric,324,numeric,"0,05",numeric,"4,5",numeric,2,numeric,2,numeric,2,numeric,"0,11",numeric,"0,16",numeric,Tr,trace,"3,28",numeric,,missing
361,"Carne, bovina, fraldinha, com gordura, cozida",Carnes e derivados,51,52,"49,7",numeric,338,numeric,1416,numeric,"24,2",numeric,"26,0",numeric,65,numeric,"0,0",numeric,NA,missing,"0,7",numeric,3,numeric,14,numeric,Tr,trace,161,numeric,"2,0",numeric,39,numeric,207,numeric,"0,07",numeric,"6,5",numeric,Tr,trace,Tr,trace,Tr,trace,Tr,trace,"0,05",numeric,"0,07",numeric,"1,61",numeric,,missing
362,"Carne, bovina, fraldinha, com gordura, crua",Carnes e derivados,51,52,"65,4",numeric,221,numeric,924,numeric,"17,6",numeric,"16,1",numeric,54,numeric,"0,0",numeric,NA,missing,"0,9",numeric,3,numeric,16,numeric,"0,00",numeric,131,numeric,"1,5",numeric,51,numeric,274,numeric,"0,04",numeric,"4,2",numeric,5,numeric,5,numeric,5,numeric,"0,08",numeric,"0,07",numeric,"0,03",numeric,"3,56",numeric,,missing
363,"Carne, bovina, lagarto, cozido",Carnes e derivados,51,52,"57,6",numeric,222,numeric,931,numeric,"32,9",numeric,"9,1",numeric,56,numeric,"0,0",numeric,NA,missing,"0,9",numeric,4,numeric,13,numeric,Tr,trace,167,numeric,"1,9",numeric,48,numeric,254,numeric,"0,05",numeric,"7,0",numeric,3,numeric,3,numeric,3,numeric,Tr,trace,Tr,trace,Tr,trace,"2,55",numeric,,missing
364,"Carne, bovina, lagarto, cru",Carnes e derivados,51,52,"71,0",numeric,135,numeric,564,numeric,"20,5",numeric,"5,2",numeric,56,numeric,"0,0",numeric,NA,missing,"1,1",numeric,3,numeric,20,numeric,Tr,trace,185,numeric,"1,3",numeric,54,numeric,362,numeric,"0,05",numeric,"2,4",numeric,2,numeric,2,numeric,2,numeric,"0,10",numeric,"0,14",numeric,"0,03",numeric,"2,19",numeric,,missing
365,"Carne, bovina, língua, cozida",Carnes e derivados,51,52,"53,4",numeric,315,numeric,1318,numeric,"21,4",numeric,"24,8",numeric,105,numeric,"0,0",numeric,NA,missing,"0,7",numeric,6,numeric,12,numeric,"0,01",numeric,136,numeric,"2,1",numeric,59,numeric,175,numeric,"0,08",numeric,"4,1",numeric,Tr,trace,Tr,trace,Tr,trace,Tr,trace,"0,08",numeric,Tr,trace,"1,83",numeric,,missing
366,"Carne, bovina, língua, crua",Carnes e derivados,51,52,"65,0",numeric,215,numeric,901,numeric,"17,1",numeric,"15,8",numeric,118,numeric,"0,0",numeric,NA,missing,"0,8",numeric,5,numeric,15,numeric,"0,02",numeric,164,numeric,"1,7",numeric,73,numeric,251,numeric,"0,09",numeric,"2,9",numeric,Tr,trace,Tr,trace,Tr,trace,"0,05",numeric,"0,04",numeric,Tr,trace,"1,18",numeric,,missing
367,"Carne, bovina, maminha, crua",Carnes e derivados,51,52,"70,0",numeric,153,numeric,639,numeric,"20,9",numeric,"7,0",numeric,51,numeric,"0,0",numeric,NA,missing,"1,0",numeric,3,numeric,16,numeric,Tr,trace,181,numeric,"1,1",numeric,37,numeric,274,numeric,"0,03",numeric,"3,5",numeric,3,numeric,3,numeric,3,numeric,"0,12",numeric,"0,08",numeric,"0,03",numeric,"4,27",numeric,,missing
368,"Carne, bovina, maminha, grelhada",Carnes e derivados,51,52,"65,3",numeric,153,numeric,641,numeric,"30,7",numeric,"2,4",numeric,88,numeric,"0,0",numeric,NA,missing,"1,4",numeric,4,numeric,21,numeric,Tr,trace,237,numeric,"2,4",numeric,58,numeric,386,numeric,"0,08",numeric,"5,6",numeric,Tr,trace,Tr,trace,Tr,trace,Tr,trace,"0,04",numeric,"0,13",numeric,"1,46",numeric,,missing
369,"Carne, bovina, miolo de alcatra, sem gordura, cru",Carnes e derivados,51,52,"69,5",numeric,163,numeric,681,numeric,"21,6",numeric,"7,8",numeric,60,numeric,"0,0",numeric,NA,missing,"1,0",numeric,3,numeric,20,numeric,"0,01",numeric,165,numeric,"2,0",numeric,43,numeric,299,numeric,"0,06",numeric,"3,0",numeric,4,numeric,4,numeric,4,numeric,"0,12",numeric,"0,07",numeric,Tr,trace,"3,59",numeric,,missing
370,"Carne, bovina, miolo de alcatra, sem gordura, grelhado",Carnes e derivados,51,52,"52,4",numeric,241,numeric,1010,numeric,"31,9",numeric,"11,6",numeric,92,numeric,"0,0",numeric,NA,missing,"1,2",numeric,5,numeric,26,numeric,"0,02",numeric,279,numeric,"3,2",numeric,52,numeric,385,numeric,"0,11",numeric,"4,8",numeric,Tr,trace,Tr,trace,Tr,trace,"0,03",numeric,"0,05",numeric,"0,05",numeric,"4,66",numeric,,missing
371,"Carne, bovina, músculo, sem gordura, cozido",Carnes e derivados,51,52,"62,8",numeric,194,numeric,811,numeric,"31,2",numeric,"6,7",numeric,56,numeric,"0,0",numeric,NA,missing,"0,9",numeric,5,numeric,13,numeric,Tr,trace,176,numeric,"2,4",numeric,62,numeric,253,numeric,"0,08",numeric,"6,4",numeric,2,numeric,2,numeric,2,numeric,Tr,trace,Tr,trace,Tr,trace,"1,97",numeric,,missing
372,"Carne, bovina, músculo, sem gordura, cru",Carnes e derivados,51,52,"72,4",numeric,142,numeric,592,numeric,"21,6",numeric,"5,5",numeric,51,numeric,"0,0",numeric,NA,missing,"1,0",numeric,4,numeric,17,numeric,Tr,trace,162,numeric,"1,9",numeric,66,numeric,296,numeric,"0,05",numeric,"3,7",numeric,2,numeric,2,numeric,2,numeric,"0,09",numeric,"0,19",numeric,"0,04",numeric,"2,79",numeric,,missing
373,"Carne, bovina, paleta, com gordura, crua",Carnes e derivados,53,54,"70,6",numeric,159,numeric,664,numeric,"21,4",numeric,"7,5",numeric,58,numeric,"0,0",numeric,NA,missing,"0,9",numeric,4,numeric,14,numeric,Tr,trace,158,numeric,"1,8",numeric,65,numeric,250,numeric,"0,08",numeric,"3,7",numeric,Tr,trace,Tr,trace,Tr,trace,Tr,trace,"0,04",numeric,"0,02",numeric,"0,91",numeric,,missing
374,"Carne, bovina, paleta, sem gordura, cozida",Carnes e derivados,53,54,"62,9",numeric,194,numeric,810,numeric,"29,7",numeric,"7,4",numeric,56,numeric,"0,0",numeric,NA,missing,"0,8",numeric,6,numeric,18,numeric,Tr,trace,197,numeric,"2,2",numeric,58,numeric,250,numeric,"0,10",numeric,"6,8",numeric,Tr,trace,Tr,trace,Tr,trace,"0,03",numeric,"0,04",numeric,Tr,trace,"2,16",numeric,,missing
375,"Carne, bovina, paleta, sem gordura, crua",Carnes e derivados,53,54,"72,1",numeric,141,numeric,590,numeric,"21,0",numeric,"5,7",numeric,42,numeric,"0,0",numeric,NA,missing,"1,0",numeric,4,numeric,18,numeric,Tr,trace,163,numeric,"1,9",numeric,66,numeric,319,numeric,"0,05",numeric,"3,3",numeric,3,numeric,3,numeric,3,numeric,"0,13",numeric,"0,21",numeric,Tr,trace,"2,67",numeric,,missing
376,"Carne, bovina, patinho, sem gordura, cru",Carnes e derivados,53,54,"72,9",numeric,133,numeric,558,numeric,"21,7",numeric,"4,5",numeric,56,numeric,"0,0",numeric,NA,missing,"1,0",numeric,3,numeric,20,numeric,"0,01",numeric,170,numeric,"1,8",numeric,49,numeric,318,numeric,"0,05",numeric,"4,5",numeric,2,numeric,2,numeric,2,numeric,"0,11",numeric,"0,08",numeric,Tr,trace,"3,61",numeric,,missing
377,"Carne, bovina, patinho, sem gordura, grelhado",Carnes e derivados,53,54,"55,2",numeric,219,numeric,917,numeric,"35,9",numeric,"7,3",numeric,126,numeric,"0,0",numeric,NA,missing,"1,3",numeric,5,numeric,27,numeric,"0,02",numeric,289,numeric,"3,0",numeric,60,numeric,421,numeric,"0,12",numeric,"8,1",numeric,Tr,trace,Tr,trace,Tr,trace,"0,04",numeric,"0,03",numeric,Tr,trace,"3,01",numeric,,missing
378,"Carne, bovina, peito, sem gordura, cozido",Carnes e derivados,53,54,"51,2",numeric,338,numeric,1416,numeric,"22,2",numeric,"27,0",numeric,100,numeric,"0,0",numeric,NA,missing,"0,7",numeric,4,numeric,14,numeric,Tr,trace,136,numeric,"1,6",numeric,56,numeric,204,numeric,"0,05",numeric,"3,9",numeric,Tr,trace,Tr,trace,Tr,trace,Tr,trace,"0,30",numeric,Tr,trace,"4,54",numeric,,missing
379,"Carne, bovina, peito, sem gordura, cru",Carnes e derivados,53,54,"61,5",numeric,259,numeric,1085,numeric,"17,6",numeric,"20,4",numeric,59,numeric,"0,0",numeric,NA,missing,"0,9",numeric,4,numeric,15,numeric,Tr,trace,124,numeric,"1,3",numeric,64,numeric,241,numeric,"0,06",numeric,"2,6",numeric,4,numeric,4,numeric,4,numeric,"0,11",numeric,"0,07",numeric,"0,03",numeric,"3,91",numeric,,missing
380,"Carne, bovina, picanha, com gordura, crua",Carnes e derivados,53,54,"65,6",numeric,213,numeric,891,numeric,"18,8",numeric,"14,7",numeric,60,numeric,"0,0",numeric,NA,missing,"0,9",numeric,2,numeric,14,numeric,Tr,trace,165,numeric,"1,7",numeric,38,numeric,232,numeric,"0,06",numeric,"3,8",numeric,3,numeric,3,numeric,3,numeric,"0,13",numeric,"0,16",numeric,Tr,trace,"4,77",numeric,,missing
381,"Carne, bovina, picanha, com gordura, grelhada",Carnes e derivados,53,54,"53,4",numeric,289,numeric,1208,numeric,"26,4",numeric,"19,5",numeric,92,numeric,"0,0",numeric,NA,missing,"1,1",numeric,4,numeric,24,numeric,Tr,trace,246,numeric,"3,2",numeric,60,numeric,355,numeric,"0,14",numeric,"5,5",numeric,Tr,trace,Tr,trace,Tr,trace,"0,03",numeric,"0,06",numeric,"0,13",numeric,"1,60",numeric,,missing
382,"Carne, bovina, picanha, sem gordura, crua",Carnes e derivados,53,54,"72,4",numeric,134,numeric,559,numeric,"21,3",numeric,"4,7",numeric,75,numeric,"0,0",numeric,NA,missing,"1,0",numeric,3,numeric,20,numeric,Tr,trace,183,numeric,"2,1",numeric,61,numeric,322,numeric,"0,08",numeric,"4,2",numeric,Tr,trace,Tr,trace,Tr,trace,Tr,trace,"0,05",numeric,Tr,trace,"1,89",numeric,,missing
383,"Carne, bovina, picanha, sem gordura, grelhada",Carnes e derivados,53,54,"54,6",numeric,238,numeric,998,numeric,"31,9",numeric,"11,3",numeric,100,numeric,"0,0",numeric,NA,missing,"1,2",numeric,4,numeric,25,numeric,"0,02",numeric,282,numeric,"3,6",numeric,61,numeric,377,numeric,"0,17",numeric,"6,7",numeric,Tr,trace,Tr,trace,Tr,trace,Tr,trace,"0,08",numeric,"0,03",numeric,"1,82",numeric,,missing
384,"Carne, bovina, seca, cozida",Carnes e derivados,53,54,"47,2",numeric,313,numeric,1309,numeric,"26,9",numeric,"21,9",numeric,100,numeric,"0,0",numeric,NA,missing,"4,7",numeric,13,numeric,12,numeric,"0,02",numeric,82,numeric,"1,9",numeric,1943,numeric,86,numeric,"0,03",numeric,"7,7",numeric,Tr,trace,Tr,trace,Tr,trace,Tr,trace,"0,06",numeric,Tr,trace,"2,32",numeric,,missing
385,"Carne, bovina, seca, crua",Carnes e derivados,53,54,"39,2",numeric,313,numeric,1309,numeric,"19,7",numeric,"25,4",numeric,92,numeric,"0,0",numeric,NA,missing,"15,3",numeric,14,numeric,12,numeric,"0,01",numeric,100,numeric,"1,3",numeric,4440,numeric,190,numeric,Tr,trace,"3,7",numeric,Tr,trace,Tr,trace,Tr,trace,Tr,trace,"0,07",numeric,Tr,trace,"2,83",numeric,,missing
386,"Coxinha de frango, frita",Carnes e derivados,53,54,"42,2",numeric,283,numeric,1184,numeric,"9,6",numeric,"11,8",numeric,15,numeric,"34,5",numeric,"5,0",numeric,"1,8",numeric,18,numeric,17,numeric,"0,28",numeric,93,numeric,"1,3",numeric,532,numeric,166,numeric,"0,09",numeric,"0,5",numeric,Tr,trace,,missing,,missing,"0,09",numeric,Tr,trace,Tr,trace,"2,60",numeric,Tr,trace
387,"Croquete, de carne, cru",Carnes e derivados,53,54,"56,0",numeric,246,numeric,1028,numeric,"12,0",numeric,"15,6",numeric,30,numeric,"13,9",numeric,,missing,"2,5",numeric,15,numeric,24,numeric,"0,34",numeric,144,numeric,"2,5",numeric,711,numeric,221,numeric,"0,10",numeric,"2,7",numeric,Tr,trace,,missing,,missing,"0,11",numeric,"0,04",numeric,Tr,trace,"1,95",numeric,Tr,trace
388,"Croquete, de carne, frito",Carnes e derivados,53,54,"39,2",numeric,347,numeric,1451,numeric,"16,9",numeric,"22,7",numeric,38,numeric,"18,1",numeric,,missing,"3,1",numeric,18,numeric,30,numeric,"0,39",numeric,176,numeric,"2,3",numeric,916,numeric,313,numeric,"0,09",numeric,"3,3",numeric,Tr,trace,,missing,,missing,"0,14",numeric,"0,04",numeric,Tr,trace,"4,77",numeric,Tr,trace
389,"Empada de frango, pré-cozida, assada",Carnes e derivados,53,54,"28,2",numeric,358,numeric,1499,numeric,"6,9",numeric,"15,6",numeric,23,numeric,"47,5",numeric,"2,2",numeric,"1,8",numeric,16,numeric,18,numeric,"0,32",numeric,78,numeric,"1,2",numeric,525,numeric,138,numeric,"0,07",numeric,"0,6",numeric,Tr,trace,,missing,,missing,"0,12",numeric,Tr,trace,Tr,trace,Tr,trace,,missing
390,"Empada, de frango, pré-cozida",Carnes e derivados,53,54,"32,0",numeric,377,numeric,1579,numeric,"7,3",numeric,"22,9",numeric,23,numeric,"35,5",numeric,"2,2",numeric,"2,2",numeric,14,numeric,17,numeric,"0,25",numeric,78,numeric,"0,7",numeric,771,numeric,156,numeric,"0,09",numeric,"0,5",numeric,Tr,trace,,missing,,missing,"0,11",numeric,Tr,trace,"0,03",numeric,Tr,trace,,missing
391,"Frango, asa, com pele, crua",Carnes e derivados,53,54,"67,5",numeric,213,numeric,892,numeric,"18,1",numeric,"15,1",numeric,113,numeric,"0,0",numeric,NA,missing,"0,7",numeric,11,numeric,23,numeric,"0,01",numeric,155,numeric,"0,6",numeric,96,numeric,211,numeric,"0,02",numeric,"1,2",numeric,10,numeric,10,numeric,10,numeric,"0,11",numeric,"0,04",numeric,Tr,trace,"2,58",numeric,,missing
392,"Frango, caipira, inteiro, com pele, cozido",Carnes e derivados,53,54,"59,7",numeric,243,numeric,1016,numeric,"23,9",numeric,"15,6",numeric,110,numeric,"0,0",numeric,NA,missing,"0,8",numeric,17,numeric,18,numeric,"0,01",numeric,162,numeric,"1,7",numeric,56,numeric,210,numeric,"0,08",numeric,"1,7",numeric,16,numeric,16,numeric,16,numeric,"0,03",numeric,Tr,trace,Tr,trace,"6,33",numeric,,missing
393,"Frango, caipira, inteiro, sem pele, cozido",Carnes e derivados,53,54,"61,4",numeric,196,numeric,819,numeric,"29,6",numeric,"7,7",numeric,106,numeric,"0,0",numeric,NA,missing,"1,1",numeric,66,numeric,23,numeric,"0,02",numeric,210,numeric,"2,1",numeric,53,numeric,224,numeric,"0,15",numeric,"2,7",numeric,6,numeric,6,numeric,6,numeric,"0,03",numeric,"0,03",numeric,Tr,trace,"9,20",numeric,,missing
394,"Frango, coração, cru",Carnes e derivados,53,54,"69,1",numeric,222,numeric,927,numeric,"12,6",numeric,"18,6",numeric,159,numeric,"0,0",numeric,NA,missing,"0,8",numeric,6,numeric,20,numeric,"0,05",numeric,193,numeric,"4,1",numeric,95,numeric,220,numeric,"0,20",numeric,"2,0",numeric,9,numeric,9,numeric,9,numeric,"0,23",numeric,"0,35",numeric,Tr,trace,"3,39",numeric,,missing
395,"Frango, coração, grelhado",Carnes e derivados,53,54,"63,5",numeric,207,numeric,867,numeric,"22,4",numeric,"12,1",numeric,280,numeric,"0,6",numeric,NA,missing,"1,3",numeric,8,numeric,20,numeric,"0,06",numeric,276,numeric,"6,5",numeric,128,numeric,243,numeric,"0,30",numeric,"3,4",numeric,Tr,trace,Tr,trace,Tr,trace,"0,20",numeric,"0,19",numeric,Tr,trace,"9,70",numeric,,missing
396,"Frango, coxa, com pele, assada",Carnes e derivados,53,54,"59,8",numeric,215,numeric,900,numeric,"28,5",numeric,"10,4",numeric,145,numeric,"0,1",numeric,NA,missing,"1,3",numeric,8,numeric,14,numeric,Tr,trace,251,numeric,"1,2",numeric,95,numeric,318,numeric,"0,05",numeric,"2,6",numeric,6,numeric,6,numeric,6,numeric,"0,05",numeric,"0,05",numeric,Tr,trace,"10,40",numeric,,missing
397,"Frango, coxa, com pele, crua",Carnes e derivados,53,54,"72,9",numeric,161,numeric,676,numeric,"17,1",numeric,"9,8",numeric,97,numeric,"0,0",numeric,NA,missing,"0,8",numeric,8,numeric,26,numeric,"0,02",numeric,185,numeric,"0,7",numeric,95,numeric,275,numeric,"0,03",numeric,"2,0",numeric,10,numeric,10,numeric,10,numeric,"0,16",numeric,"0,05",numeric,Tr,trace,"2,04",numeric,,missing
398,"Frango, coxa, sem pele, cozida",Carnes e derivados,53,54,"66,7",numeric,167,numeric,701,numeric,"26,9",numeric,"5,8",numeric,133,numeric,"0,0",numeric,NA,missing,"0,9",numeric,12,numeric,11,numeric,Tr,trace,187,numeric,"0,8",numeric,64,numeric,191,numeric,"0,03",numeric,"2,8",numeric,Tr,trace,Tr,trace,Tr,trace,"0,07",numeric,Tr,trace,Tr,trace,"8,20",numeric,,missing
399,"Frango, coxa, sem pele, crua",Carnes e derivados,53,54,"76,4",numeric,120,numeric,502,numeric,"17,8",numeric,"4,9",numeric,91,numeric,"0,0",numeric,NA,missing,"0,9",numeric,8,numeric,27,numeric,"0,02",numeric,196,numeric,"0,8",numeric,98,numeric,291,numeric,"0,03",numeric,"2,2",numeric,12,numeric,12,numeric,12,numeric,"0,17",numeric,"0,05",numeric,Tr,trace,"3,53",numeric,,missing
400,"Frango, fígado, cru",Carnes e derivados,53,54,"77,8",numeric,106,numeric,446,numeric,"17,6",numeric,"3,5",numeric,341,numeric,"0,0",numeric,NA,missing,"1,2",numeric,6,numeric,28,numeric,"0,35",numeric,344,numeric,"9,5",numeric,82,numeric,281,numeric,"0,26",numeric,"3,7",numeric,3863,numeric,3863,numeric,3863,numeric,"0,62",numeric,"0,56",numeric,Tr,trace,"6,36",numeric,,missing
401,"Frango, filé, à milanesa",Carnes e derivados,53,54,"54,9",numeric,221,numeric,924,numeric,"28,5",numeric,"7,8",numeric,84,numeric,"7,5",numeric,"1,1",numeric,"1,3",numeric,9,numeric,35,numeric,"0,06",numeric,249,numeric,"1,1",numeric,122,numeric,408,numeric,"0,05",numeric,"0,8",numeric,7,numeric,7,numeric,7,numeric,"0,05",numeric,"0,04",numeric,"0,52",numeric,"11,07",numeric,,missing
402,"Frango, inteiro, com pele, cru",Carnes e derivados,53,54,"66,5",numeric,226,numeric,947,numeric,"16,4",numeric,"17,3",numeric,85,numeric,"0,0",numeric,NA,missing,"0,7",numeric,6,numeric,24,numeric,"0,01",numeric,174,numeric,"0,6",numeric,63,numeric,217,numeric,"0,04",numeric,"1,1",numeric,7,numeric,7,numeric,7,numeric,"0,08",numeric,"0,03",numeric,Tr,trace,"3,28",numeric,,missing
403,"Frango, inteiro, sem pele, assado",Carnes e derivados,53,54,"63,2",numeric,187,numeric,784,numeric,"28,0",numeric,"7,5",numeric,111,numeric,"0,0",numeric,NA,missing,"1,2",numeric,9,numeric,14,numeric,Tr,trace,233,numeric,"0,6",numeric,70,numeric,283,numeric,"0,03",numeric,"1,6",numeric,Tr,trace,Tr,trace,Tr,trace,"0,09",numeric,Tr,trace,Tr,trace,"11,20",numeric,,missing
404,"Frango, inteiro, sem pele, cozido",Carnes e derivados,53,54,"67,5",numeric,170,numeric,713,numeric,"25,0",numeric,"7,1",numeric,99,numeric,"0,0",numeric,NA,missing,"0,9",numeric,8,numeric,12,numeric,Tr,trace,194,numeric,"0,5",numeric,51,numeric,217,numeric,"0,04",numeric,"1,2",numeric,Tr,trace,Tr,trace,Tr,trace,"0,10",numeric,Tr,trace,Tr,trace,"12,83",numeric,,missing
405,"Frango, inteiro, sem pele, cru",Carnes e derivados,55,56,"74,9",numeric,129,numeric,540,numeric,"20,6",numeric,"4,6",numeric,78,numeric,"0,0",numeric,NA,missing,"0,9",numeric,7,numeric,27,numeric,"0,01",numeric,190,numeric,"0,5",numeric,73,numeric,238,numeric,"0,03",numeric,"1,2",numeric,4,numeric,4,numeric,4,numeric,"0,12",numeric,"0,03",numeric,Tr,trace,"3,28",numeric,,missing
406,"Frango, peito, com pele, assado",Carnes e derivados,55,56,"58,5",numeric,212,numeric,886,numeric,"33,4",numeric,"7,6",numeric,109,numeric,"0,0",numeric,NA,missing,"1,5",numeric,8,numeric,18,numeric,"0,01",numeric,297,numeric,"0,5",numeric,56,numeric,380,numeric,"0,01",numeric,"1,0",numeric,6,numeric,6,numeric,6,numeric,"0,12",numeric,Tr,trace,Tr,trace,"15,80",numeric,,missing
407,"Frango, peito, com pele, cru",Carnes e derivados,55,56,"71,9",numeric,149,numeric,625,numeric,"20,8",numeric,"6,7",numeric,80,numeric,"0,0",numeric,NA,missing,"0,9",numeric,8,numeric,28,numeric,"0,01",numeric,213,numeric,"0,4",numeric,62,numeric,252,numeric,"0,05",numeric,"0,6",numeric,4,numeric,4,numeric,4,numeric,"0,09",numeric,Tr,trace,Tr,trace,"2,58",numeric,,missing
408,"Frango, peito, sem pele, cozido",Carnes e derivados,55,56,"65,6",numeric,163,numeric,681,numeric,"31,5",numeric,"3,2",numeric,89,numeric,"0,0",numeric,NA,missing,"1,0",numeric,6,numeric,14,numeric,Tr,trace,224,numeric,"0,3",numeric,36,numeric,231,numeric,"0,02",numeric,"0,9",numeric,Tr,trace,Tr,trace,Tr,trace,"0,10",numeric,Tr,trace,Tr,trace,"7,60",numeric,,missing
409,"Frango, peito, sem pele, cru",Carnes e derivados,55,56,"74,8",numeric,119,numeric,499,numeric,"21,5",numeric,"3,0",numeric,59,numeric,"0,0",numeric,NA,missing,"1,0",numeric,7,numeric,31,numeric,"0,01",numeric,222,numeric,"0,4",numeric,56,numeric,267,numeric,"0,03",numeric,"0,7",numeric,2,numeric,2,numeric,2,numeric,"0,10",numeric,Tr,trace,Tr,trace,"5,86",numeric,,missing
410,"Frango, peito, sem pele, grelhado",Carnes e derivados,55,56,"63,8",numeric,159,numeric,666,numeric,"32,0",numeric,"2,5",numeric,89,numeric,"0,0",numeric,NA,missing,"1,4",numeric,5,numeric,18,numeric,Tr,trace,295,numeric,"0,3",numeric,50,numeric,387,numeric,"0,02",numeric,"0,8",numeric,Tr,trace,Tr,trace,Tr,trace,"0,11",numeric,Tr,trace,Tr,trace,"24,83",numeric,,missing
411,"Frango, sobrecoxa, com pele, assada",Carnes e derivados,55,56,"55,0",numeric,260,numeric,1086,numeric,"28,7",numeric,"15,2",numeric,158,numeric,"0,0",numeric,NA,missing,"1,3",numeric,11,numeric,15,numeric,Tr,trace,252,numeric,"1,2",numeric,96,numeric,323,numeric,"0,06",numeric,"2,2",numeric,8,numeric,8,numeric,8,numeric,"0,10",numeric,"0,05",numeric,Tr,trace,"11,20",numeric,,missing
412,"Frango, sobrecoxa, com pele, crua",Carnes e derivados,55,56,"63,6",numeric,255,numeric,1065,numeric,"15,5",numeric,"20,9",numeric,88,numeric,"0,0",numeric,NA,missing,"0,8",numeric,7,numeric,22,numeric,"0,01",numeric,154,numeric,"0,7",numeric,68,numeric,190,numeric,"0,05",numeric,"1,3",numeric,7,numeric,7,numeric,7,numeric,"0,09",numeric,"0,06",numeric,Tr,trace,"3,40",numeric,,missing
413,"Frango, sobrecoxa, sem pele, assada",Carnes e derivados,55,56,"55,6",numeric,233,numeric,974,numeric,"29,2",numeric,"12,0",numeric,145,numeric,"0,0",numeric,NA,missing,"1,5",numeric,12,numeric,17,numeric,Tr,trace,281,numeric,"1,2",numeric,106,numeric,382,numeric,"0,07",numeric,"2,2",numeric,11,numeric,11,numeric,11,numeric,"0,10",numeric,"0,05",numeric,Tr,trace,"10,20",numeric,,missing
414,"Frango, sobrecoxa, sem pele, crua",Carnes e derivados,55,56,"72,7",numeric,162,numeric,677,numeric,"17,6",numeric,"9,6",numeric,84,numeric,"0,0",numeric,NA,missing,"0,9",numeric,6,numeric,26,numeric,"0,02",numeric,187,numeric,"0,9",numeric,80,numeric,241,numeric,"0,06",numeric,"1,7",numeric,4,numeric,4,numeric,4,numeric,"0,12",numeric,"0,06",numeric,Tr,trace,"4,06",numeric,,missing
415,"Hambúrguer, bovino, cru",Carnes e derivados,55,56,"63,6",numeric,215,numeric,899,numeric,"13,2",numeric,"16,2",numeric,70,numeric,"4,2",numeric,*,missing,"2,9",numeric,34,numeric,25,numeric,"0,36",numeric,141,numeric,"1,9",numeric,869,numeric,383,numeric,"0,16",numeric,"1,7",numeric,Tr,trace,,missing,,missing,"0,06",numeric,"0,08",numeric,"0,04",numeric,"3,53",numeric,,missing
416,"Hambúrguer, bovino, frito",Carnes e derivados,55,56,"52,5",numeric,258,numeric,1081,numeric,"20,0",numeric,"17,0",numeric,49,numeric,"6,3",numeric,*,missing,"4,2",numeric,62,numeric,60,numeric,"0,52",numeric,324,numeric,"3,0",numeric,1252,numeric,660,numeric,"0,17",numeric,"3,2",numeric,Tr,trace,,missing,,missing,"0,13",numeric,"0,06",numeric,Tr,trace,"2,73",numeric,,missing
417,"Hambúrguer, bovino, grelhado",Carnes e derivados,55,56,"59,2",numeric,210,numeric,878,numeric,"13,2",numeric,"12,4",numeric,59,numeric,"11,3",numeric,*,missing,"3,9",numeric,56,numeric,48,numeric,"0,40",numeric,263,numeric,"2,6",numeric,1090,numeric,538,numeric,"0,18",numeric,"3,0",numeric,Tr,trace,,missing,,missing,"0,18",numeric,"0,06",numeric,Tr,trace,"5,77",numeric,,missing
418,"Lingüiça, frango, crua",Carnes e derivados,55,56,"64,8",numeric,218,numeric,913,numeric,"14,2",numeric,"17,4",numeric,64,numeric,"0,0",numeric,NA,missing,"3,3",numeric,11,numeric,19,numeric,"0,05",numeric,182,numeric,"0,5",numeric,1126,numeric,280,numeric,"0,05",numeric,"0,7",numeric,Tr,trace,,missing,,missing,"0,11",numeric,"0,05",numeric,Tr,trace,"4,60",numeric,,missing
419,"Lingüiça, frango, frita",Carnes e derivados,55,56,"59,6",numeric,245,numeric,1027,numeric,"18,3",numeric,"18,5",numeric,76,numeric,"0,0",numeric,NA,missing,"3,8",numeric,15,numeric,29,numeric,"0,10",numeric,262,numeric,"0,8",numeric,1374,numeric,364,numeric,"0,04",numeric,"1,2",numeric,Tr,trace,,missing,,missing,"0,11",numeric,"0,05",numeric,Tr,trace,"5,67",numeric,,missing
420,"Lingüiça, frango, grelhada",Carnes e derivados,55,56,"58,6",numeric,244,numeric,1019,numeric,"18,2",numeric,"18,4",numeric,80,numeric,"0,0",numeric,NA,missing,"3,8",numeric,14,numeric,21,numeric,"0,10",numeric,228,numeric,"0,7",numeric,1351,numeric,356,numeric,"0,09",numeric,"1,0",numeric,Tr,trace,,missing,,missing,"0,12",numeric,"0,04",numeric,Tr,trace,"5,97",numeric,,missing
421,"Lingüiça, porco, crua",Carnes e derivados,55,56,"62,5",numeric,227,numeric,951,numeric,"16,1",numeric,"17,6",numeric,53,numeric,"0,0",numeric,NA,missing,"3,2",numeric,6,numeric,14,numeric,"0,01",numeric,157,numeric,"0,4",numeric,1176,numeric,316,numeric,"0,04",numeric,"1,4",numeric,Tr,trace,,missing,,missing,"0,49",numeric,"0,05",numeric,Tr,trace,"2,60",numeric,,missing
422,"Lingüiça, porco, frita",Carnes e derivados,55,56,"54,6",numeric,280,numeric,1170,numeric,"20,5",numeric,"21,3",numeric,75,numeric,"0,0",numeric,NA,missing,"3,9",numeric,8,numeric,18,numeric,"0,01",numeric,211,numeric,"0,9",numeric,1432,numeric,409,numeric,"0,06",numeric,"3,1",numeric,Tr,trace,,missing,,missing,"0,41",numeric,"0,07",numeric,Tr,trace,"5,83",numeric,,missing
423,"Lingüiça, porco, grelhada",Carnes e derivados,55,56,"50,5",numeric,296,numeric,1241,numeric,"23,2",numeric,"21,9",numeric,82,numeric,"0,0",numeric,NA,missing,"4,0",numeric,8,numeric,19,numeric,"0,01",numeric,210,numeric,"1,0",numeric,1456,numeric,427,numeric,"0,07",numeric,"3,5",numeric,Tr,trace,,missing,,missing,"0,40",numeric,"0,07",numeric,Tr,trace,"6,60",numeric,,missing
424,Mortadela,Carnes e derivados,55,56,"56,4",numeric,269,numeric,1125,numeric,"12,0",numeric,"21,6",numeric,83,numeric,"5,8",numeric,NA,missing,"4,1",numeric,67,numeric,19,numeric,"0,11",numeric,216,numeric,"1,5",numeric,1212,numeric,247,numeric,"0,08",numeric,"1,0",numeric,25,numeric,,missing,,missing,"0,14",numeric,"0,06",numeric,Tr,trace,"3,00",numeric,,missing
425,"Peru, congelado, assado",Carnes e derivados,55,56,"65,3",numeric,163,numeric,682,numeric,"26,2",numeric,"5,7",numeric,91,numeric,"0,0",numeric,NA,missing,"2,2",numeric,14,numeric,12,numeric,"0,02",numeric,197,numeric,"0,6",numeric,628,numeric,175,numeric,"0,03",numeric,"1,2",numeric,Tr,trace,Tr,trace,Tr,trace,"0,06",numeric,Tr,trace,Tr,trace,"6,23",numeric,,missing
426,"Peru, congelado, cru",Carnes e derivados,55,56,"78,2",numeric,94,numeric,392,numeric,"18,1",numeric,"1,8",numeric,68,numeric,"0,0",numeric,NA,missing,"2,5",numeric,10,numeric,19,numeric,Tr,trace,217,numeric,"0,9",numeric,711,numeric,281,numeric,"0,36",numeric,"1,4",numeric,Tr,trace,Tr,trace,Tr,trace,"0,06",numeric,Tr,trace,Tr,trace,"4,23",numeric,,missing
427,"Porco, bisteca, crua",Carnes e derivados,55,56,"67,7",numeric,164,numeric,687,numeric,"21,5",numeric,"8,0",numeric,56,numeric,"0,0",numeric,NA,missing,"1,0",numeric,6,numeric,24,numeric,Tr,trace,195,numeric,"0,5",numeric,54,numeric,335,numeric,"0,07",numeric,"1,4",numeric,Tr,trace,Tr,trace,Tr,trace,"0,90",numeric,Tr,trace,Tr,trace,"2,65",numeric,,missing
428,"Porco, bisteca, frita",Carnes e derivados,55,56,"47,3",numeric,311,numeric,1302,numeric,"33,7",numeric,"18,5",numeric,126,numeric,"0,0",numeric,NA,missing,"1,6",numeric,69,numeric,29,numeric,"0,01",numeric,290,numeric,"0,8",numeric,63,numeric,404,numeric,"0,07",numeric,"2,2",numeric,10,numeric,10,numeric,10,numeric,"0,34",numeric,Tr,trace,Tr,trace,"3,25",numeric,,missing
429,"Porco, bisteca, grelhada",Carnes e derivados,55,56,"51,8",numeric,280,numeric,1172,numeric,"28,9",numeric,"17,4",numeric,82,numeric,"0,0",numeric,NA,missing,"1,2",numeric,34,numeric,25,numeric,Tr,trace,229,numeric,"0,9",numeric,51,numeric,366,numeric,"0,06",numeric,"2,3",numeric,Tr,trace,Tr,trace,Tr,trace,"0,77",numeric,"0,14",numeric,"0,03",numeric,"1,92",numeric,,missing
430,"Porco, costela, assada",Carnes e derivados,55,56,"36,9",numeric,402,numeric,1683,numeric,"30,2",numeric,"30,3",numeric,113,numeric,"0,0",numeric,NA,missing,"1,4",numeric,17,numeric,14,numeric,Tr,trace,201,numeric,"1,0",numeric,63,numeric,246,numeric,"0,07",numeric,"3,1",numeric,Tr,trace,Tr,trace,Tr,trace,"0,71",numeric,"0,05",numeric,Tr,trace,"10,63",numeric,,missing
431,"Porco, costela, crua",Carnes e derivados,55,56,"61,2",numeric,256,numeric,1069,numeric,"18,0",numeric,"19,8",numeric,69,numeric,"0,0",numeric,NA,missing,"0,9",numeric,15,numeric,18,numeric,Tr,trace,159,numeric,"0,9",numeric,88,numeric,248,numeric,"0,05",numeric,"2,3",numeric,Tr,trace,Tr,trace,Tr,trace,"0,62",numeric,Tr,trace,Tr,trace,"8,27",numeric,,missing
432,"Porco, lombo, assado",Carnes e derivados,55,56,"56,6",numeric,210,numeric,880,numeric,"35,7",numeric,"6,4",numeric,103,numeric,"0,0",numeric,NA,missing,"1,4",numeric,20,numeric,18,numeric,Tr,trace,238,numeric,"0,5",numeric,39,numeric,311,numeric,"0,03",numeric,"1,8",numeric,Tr,trace,Tr,trace,Tr,trace,"0,75",numeric,"0,07",numeric,"0,11",numeric,"12,43",numeric,,missing
433,"Porco, lombo, cru",Carnes e derivados,55,56,"67,7",numeric,176,numeric,735,numeric,"22,6",numeric,"8,8",numeric,55,numeric,"0,0",numeric,NA,missing,"1,0",numeric,4,numeric,24,numeric,Tr,trace,195,numeric,"0,5",numeric,53,numeric,334,numeric,"0,01",numeric,"0,9",numeric,Tr,trace,Tr,trace,Tr,trace,"0,95",numeric,Tr,trace,Tr,trace,"13,83",numeric,,missing
434,"Porco, orelha, salgada, crua",Carnes e derivados,55,56,"59,7",numeric,258,numeric,1082,numeric,"18,5",numeric,"19,9",numeric,83,numeric,"0,0",numeric,NA,missing,"2,0",numeric,5,numeric,2,numeric,"0,01",numeric,31,numeric,"1,4",numeric,616,numeric,228,numeric,"0,23",numeric,"0,6",numeric,Tr,trace,Tr,trace,Tr,trace,"0,07",numeric,"0,03",numeric,Tr,trace,Tr,trace,,missing
435,"Porco, pernil, assado",Carnes e derivados,55,56,"49,3",numeric,262,numeric,1097,numeric,"32,1",numeric,"13,9",numeric,110,numeric,"0,0",numeric,NA,missing,"1,4",numeric,18,numeric,27,numeric,"0,01",numeric,247,numeric,"1,3",numeric,62,numeric,395,numeric,"0,09",numeric,"3,3",numeric,Tr,trace,Tr,trace,Tr,trace,"0,77",numeric,"0,09",numeric,Tr,trace,"6,57",numeric,,missing
436,"Porco, pernil, cru",Carnes e derivados,55,56,"67,1",numeric,186,numeric,778,numeric,"20,1",numeric,"11,1",numeric,59,numeric,"0,0",numeric,NA,missing,"1,0",numeric,13,numeric,23,numeric,Tr,trace,192,numeric,"0,9",numeric,102,numeric,256,numeric,"0,16",numeric,"1,7",numeric,Tr,trace,Tr,trace,Tr,trace,"1,06",numeric,"0,06",numeric,Tr,trace,"5,67",numeric,,missing
437,"Porco, rabo, salgado, cru",Carnes e derivados,57,58,"43,8",numeric,377,numeric,1579,numeric,"15,6",numeric,"34,5",numeric,89,numeric,"0,0",numeric,NA,missing,"3,5",numeric,22,numeric,4,numeric,"0,01",numeric,42,numeric,"0,6",numeric,1158,numeric,24,numeric,"0,05",numeric,"1,4",numeric,Tr,trace,Tr,trace,Tr,trace,"0,20",numeric,"0,06",numeric,Tr,trace,"1,43",numeric,,missing
438,"Presunto, com capa de gordura",Carnes e derivados,57,58,"73,9",numeric,128,numeric,535,numeric,"14,4",numeric,"6,8",numeric,40,numeric,"1,4",numeric,NA,missing,"3,5",numeric,12,numeric,17,numeric,"0,04",numeric,274,numeric,"0,7",numeric,1021,numeric,295,numeric,"0,04",numeric,"1,3",numeric,Tr,trace,,missing,,missing,"0,62",numeric,"0,03",numeric,Tr,trace,"3,78",numeric,,missing
439,"Presunto, sem capa de gordura",Carnes e derivados,57,58,"77,2",numeric,94,numeric,392,numeric,"14,3",numeric,"2,7",numeric,36,numeric,"2,1",numeric,NA,missing,"3,7",numeric,23,numeric,18,numeric,"0,04",numeric,244,numeric,"0,8",numeric,1039,numeric,307,numeric,"0,04",numeric,"1,5",numeric,Tr,trace,,missing,,missing,"0,50",numeric,"0,03",numeric,Tr,trace,"4,00",numeric,,missing
440,"Quibe, assado",Carnes e derivados,57,58,"69,0",numeric,136,numeric,570,numeric,"14,6",numeric,"2,7",numeric,34,numeric,"12,9",numeric,"1,9",numeric,"0,9",numeric,16,numeric,36,numeric,"0,76",numeric,174,numeric,"2,2",numeric,40,numeric,288,numeric,"0,51",numeric,"4,1",numeric,Tr,trace,,missing,,missing,"0,04",numeric,"0,04",numeric,Tr,trace,"1,81",numeric,Tr,trace
441,"Quibe, cru",Carnes e derivados,57,58,"74,5",numeric,109,numeric,458,numeric,"12,4",numeric,"1,7",numeric,27,numeric,"10,8",numeric,"1,6",numeric,"0,7",numeric,12,numeric,26,numeric,"0,39",numeric,126,numeric,"1,7",numeric,39,numeric,242,numeric,"0,13",numeric,"2,8",numeric,Tr,trace,,missing,,missing,"0,09",numeric,"0,03",numeric,Tr,trace,"1,20",numeric,Tr,trace
442,"Quibe, frito",Carnes e derivados,57,58,"54,0",numeric,254,numeric,1062,numeric,"14,9",numeric,"15,8",numeric,38,numeric,"12,3",numeric,,missing,"3,0",numeric,22,numeric,39,numeric,"0,72",numeric,166,numeric,"2,0",numeric,836,numeric,322,numeric,"0,16",numeric,"2,8",numeric,Tr,trace,,missing,,missing,"0,12",numeric,"0,10",numeric,Tr,trace,"1,50",numeric,Tr,trace
443,Salame,Carnes e derivados,57,58,"34,7",numeric,398,numeric,1665,numeric,"25,8",numeric,"30,6",numeric,85,numeric,"2,9",numeric,NA,missing,"5,9",numeric,87,numeric,30,numeric,"0,03",numeric,354,numeric,"1,3",numeric,1574,numeric,548,numeric,"0,05",numeric,"3,2",numeric,Tr,trace,,missing,,missing,"0,88",numeric,"0,23",numeric,Tr,trace,"12,49",numeric,,missing
444,"Toucinho, cru",Carnes e derivados,57,58,"27,6",numeric,593,numeric,2479,numeric,"11,5",numeric,"60,3",numeric,73,numeric,"0,0",numeric,NA,missing,"0,3",numeric,2,numeric,4,numeric,Tr,trace,35,numeric,"0,4",numeric,50,numeric,58,numeric,"0,11",numeric,"0,2",numeric,Tr,trace,Tr,trace,Tr,trace,Tr,trace,Tr,trace,Tr,trace,"5,10",numeric,,missing
445,"Toucinho, frito",Carnes e derivados,57,58,"6,3",numeric,697,numeric,2914,numeric,"27,3",numeric,"64,3",numeric,89,numeric,"0,0",numeric,NA,missing,"0,7",numeric,9,numeric,9,numeric,"0,01",numeric,95,numeric,"0,9",numeric,125,numeric,171,numeric,"0,10",numeric,"0,8",numeric,Tr,trace,Tr,trace,Tr,trace,Tr,trace,Tr,trace,Tr,trace,"5,03",numeric,,missing
446,"Bebida láctea, pêssego",Leite e derivados,57,58,"87,7",numeric,55,numeric,231,numeric,"2,1",numeric,"1,9",numeric,5,numeric,"7,6",numeric,"0,3",numeric,"0,7",numeric,89,numeric,9,numeric,Tr,trace,63,numeric,Tr,trace,46,numeric,62,numeric,"0,02",numeric,"0,2",numeric,Tr,trace,,missing,,missing,"0,03",numeric,"0,14",numeric,Tr,trace,"0,33",numeric,"2,1",numeric
447,Creme de Leite,Leite e derivados,57,58,"70,9",numeric,221,numeric,927,numeric,"1,5",numeric,"22,5",numeric,66,numeric,"4,5",numeric,NA,missing,"0,6",numeric,83,numeric,8,numeric,"0,01",numeric,118,numeric,"0,3",numeric,52,numeric,119,numeric,"0,02",numeric,"0,3",numeric,128,numeric,,missing,,missing,Tr,trace,"0,10",numeric,Tr,trace,"0,00",numeric,Tr,trace
448,"Iogurte, natural",Leite e derivados,57,58,"90,0",numeric,51,numeric,215,numeric,"4,1",numeric,"3,0",numeric,14,numeric,"1,9",numeric,NA,missing,"0,9",numeric,143,numeric,11,numeric,Tr,trace,119,numeric,Tr,trace,52,numeric,71,numeric,"0,02",numeric,"0,4",numeric,23,numeric,,missing,,missing,"0,04",numeric,"0,22",numeric,Tr,trace,Tr,trace,"0,9",numeric
449,"Iogurte, natural, desnatado",Leite e derivados,57,58,"89,2",numeric,41,numeric,174,numeric,"3,8",numeric,"0,3",numeric,3,numeric,"5,8",numeric,NA,missing,"0,9",numeric,157,numeric,12,numeric,Tr,trace,110,numeric,Tr,trace,60,numeric,182,numeric,Tr,trace,"0,5",numeric,*,missing,,missing,,missing,Tr,trace,"0,22",numeric,Tr,trace,Tr,trace,"0,3",numeric
450,"Iogurte, sabor abacaxi",Leite e derivados,57,58,*,missing,*,missing,*,missing,*,missing,*,missing,6,numeric,*,missing,*,missing,*,missing,*,missing,*,missing,*,missing,*,missing,*,missing,*,missing,*,missing,*,missing,*,missing,*,missing,,missing,,missing,*,missing,*,missing,*,missing,*,missing,,missing
451,"Iogurte, sabor morango",Leite e derivados,57,58,"84,6",numeric,70,numeric,291,numeric,"2,7",numeric,"2,3",numeric,7,numeric,"9,7",numeric,"0,2",numeric,"0,6",numeric,101,numeric,8,numeric,Tr,trace,73,numeric,Tr,trace,38,numeric,52,numeric,"0,02",numeric,"0,3",numeric,27,numeric,,missing,,missing,"0,03",numeric,"0,12",numeric,"0,02",numeric,Tr,trace,Tr,trace
452,"Iogurte, sabor pêssego",Leite e derivados,57,58,"85,1",numeric,68,numeric,284,numeric,"2,5",numeric,"2,3",numeric,8,numeric,"9,4",numeric,"0,7",numeric,"0,6",numeric,95,numeric,8,numeric,Tr,trace,66,numeric,"0,1",numeric,37,numeric,52,numeric,"0,02",numeric,"0,3",numeric,21,numeric,,missing,,missing,"0,02",numeric,"0,10",numeric,Tr,trace,"0,38",numeric,Tr,trace
453,"Leite, condensado",Leite e derivados,57,58,"27,0",numeric,313,numeric,1308,numeric,"7,7",numeric,"6,7",numeric,28,numeric,"57,0",numeric,NA,missing,"1,6",numeric,246,numeric,22,numeric,Tr,trace,187,numeric,"0,1",numeric,94,numeric,329,numeric,"0,03",numeric,"0,9",numeric,53,numeric,,missing,,missing,"0,06",numeric,"0,33",numeric,"0,57",numeric,Tr,trace,"2,1",numeric
454,"Leite, de cabra",Leite e derivados,57,58,"87,1",numeric,66,numeric,278,numeric,"3,1",numeric,"3,8",numeric,14,numeric,"5,2",numeric,NA,missing,"0,9",numeric,112,numeric,10,numeric,Tr,trace,113,numeric,"0,1",numeric,74,numeric,140,numeric,"0,04",numeric,"0,4",numeric,35,numeric,,missing,,missing,Tr,trace,"0,14",numeric,Tr,trace,Tr,trace,Tr,trace
455,"Leite, de vaca, achocolatado",Leite e derivados,57,58,"80,9",numeric,83,numeric,347,numeric,"2,1",numeric,"2,2",numeric,6,numeric,"14,2",numeric,"0,6",numeric,"0,7",numeric,70,numeric,13,numeric,"0,05",numeric,71,numeric,"0,5",numeric,72,numeric,155,numeric,"0,04",numeric,"0,3",numeric,39,numeric,,missing,,missing,"0,07",numeric,"0,29",numeric,"0,14",numeric,"1,23",numeric,"3,3",numeric
456,"Leite, de vaca, desnatado, pó",Leite e derivados,57,58,"3,1",numeric,362,numeric,1513,numeric,"34,7",numeric,"0,9",numeric,25,numeric,"53,0",numeric,NA,missing,"8,2",numeric,1363,numeric,109,numeric,Tr,trace,1673,numeric,"0,9",numeric,432,numeric,1556,numeric,"0,16",numeric,"3,8",numeric,299,numeric,,missing,,missing,"0,32",numeric,"1,20",numeric,Tr,trace,"0,81",numeric,,missing
457,"Leite, de vaca, desnatado, UHT",Leite e derivados,57,58,*,missing,*,missing,*,missing,*,missing,*,missing,4,numeric,*,missing,NA,missing,"0,8",numeric,134,numeric,10,numeric,Tr,trace,85,numeric,Tr,trace,51,numeric,140,numeric,"0,02",numeric,"0,4",numeric,Tr,trace,,missing,,missing,"0,04",numeric,"0,26",numeric,Tr,trace,"1,49",numeric,Tr,trace
458,"Leite, de vaca, integral",Leite e derivados,57,58,*,missing,*,missing,*,missing,*,missing,*,missing,10,numeric,*,missing,NA,missing,"0,8",numeric,123,numeric,10,numeric,Tr,trace,82,numeric,Tr,trace,64,numeric,133,numeric,"0,02",numeric,"0,4",numeric,21,numeric,,missing,,missing,"0,04",numeric,"0,24",numeric,Tr,trace,"1,52",numeric,Tr,trace
459,"Leite, de vaca, integral, pó",Leite e derivados,57,58,"2,7",numeric,497,numeric,2078,numeric,"25,4",numeric,"26,9",numeric,85,numeric,"39,2",numeric,NA,missing,"5,8",numeric,890,numeric,77,numeric,Tr,trace,1242,numeric,"0,5",numeric,323,numeric,1132,numeric,"0,11",numeric,"2,7",numeric,361,numeric,,missing,,missing,"0,24",numeric,"1,03",numeric,Tr,trace,Tr,trace,*,missing
460,"Leite, fermentado",Leite e derivados,57,58,"81,9",numeric,70,numeric,291,numeric,"1,9",numeric,"0,1",numeric,2,numeric,"15,7",numeric,NA,missing,"0,5",numeric,72,numeric,6,numeric,"0,02",numeric,63,numeric,Tr,trace,33,numeric,94,numeric,"0,01",numeric,"0,3",numeric,Tr,trace,,missing,,missing,"0,08",numeric,"0,11",numeric,Tr,trace,Tr,trace,"0,5",numeric
461,"Queijo, minas, frescal",Leite e derivados,57,58,"56,1",numeric,264,numeric,1106,numeric,"17,4",numeric,"20,2",numeric,62,numeric,"3,2",numeric,NA,missing,"3,0",numeric,579,numeric,7,numeric,"0,02",numeric,123,numeric,"0,9",numeric,31,numeric,105,numeric,Tr,trace,"0,3",numeric,161,numeric,,missing,,missing,Tr,trace,"0,25",numeric,Tr,trace,Tr,trace,Tr,trace
462,"Queijo, minas, meia cura",Leite e derivados,57,58,"47,1",numeric,321,numeric,1342,numeric,"21,2",numeric,"24,6",numeric,76,numeric,"3,6",numeric,NA,missing,"3,5",numeric,696,numeric,27,numeric,"0,02",numeric,403,numeric,"0,2",numeric,501,numeric,120,numeric,"0,07",numeric,"2,7",numeric,111,numeric,,missing,,missing,"0,03",numeric,"0,32",numeric,Tr,trace,Tr,trace,,missing
463,"Queijo, mozarela",Leite e derivados,57,58,"45,3",numeric,330,numeric,1380,numeric,"22,6",numeric,"25,2",numeric,80,numeric,"3,0",numeric,NA,missing,"3,8",numeric,875,numeric,24,numeric,"0,03",numeric,470,numeric,"0,3",numeric,581,numeric,62,numeric,"0,08",numeric,"3,5",numeric,109,numeric,,missing,,missing,Tr,trace,"0,20",numeric,Tr,trace,Tr,trace,,missing
464,"Queijo, parmesão",Leite e derivados,57,58,"21,2",numeric,453,numeric,1895,numeric,"35,6",numeric,"33,5",numeric,106,numeric,"1,7",numeric,NA,missing,"8,0",numeric,992,numeric,33,numeric,"0,05",numeric,745,numeric,"0,5",numeric,1844,numeric,96,numeric,"0,17",numeric,"4,4",numeric,66,numeric,,missing,,missing,Tr,trace,"0,44",numeric,"0,23",numeric,Tr,trace,Tr,trace
465,"Queijo, pasteurizado",Leite e derivados,57,58,"54,4",numeric,303,numeric,1268,numeric,"9,4",numeric,"27,4",numeric,82,numeric,"5,7",numeric,NA,missing,"3,1",numeric,323,numeric,16,numeric,"0,01",numeric,578,numeric,"0,3",numeric,780,numeric,194,numeric,"0,05",numeric,"1,3",numeric,57,numeric,,missing,,missing,Tr,trace,"0,20",numeric,Tr,trace,Tr,trace,Tr,trace
466,"Queijo, petit suisse, morango",Leite e derivados,59,60,"72,2",numeric,121,numeric,507,numeric,"5,8",numeric,"2,8",numeric,12,numeric,"18,5",numeric,NA,missing,"0,7",numeric,731,numeric,27,numeric,"0,02",numeric,448,numeric,"0,1",numeric,412,numeric,121,numeric,"0,01",numeric,"2,7",numeric,273,numeric,,missing,,missing,"0,22",numeric,"0,27",numeric,"0,21",numeric,"2,68",numeric,Tr,trace
467,"Queijo, prato",Leite e derivados,59,60,"42,4",numeric,360,numeric,1506,numeric,"22,7",numeric,"29,1",numeric,91,numeric,"1,9",numeric,NA,missing,"3,9",numeric,940,numeric,28,numeric,"0,03",numeric,461,numeric,"0,3",numeric,580,numeric,73,numeric,"0,10",numeric,"3,5",numeric,123,numeric,,missing,,missing,Tr,trace,"0,22",numeric,Tr,trace,Tr,trace,,missing
468,"Queijo, requeijão, cremoso",Leite e derivados,59,60,"62,5",numeric,257,numeric,1074,numeric,"9,6",numeric,"23,4",numeric,74,numeric,"2,4",numeric,NA,missing,"2,0",numeric,259,numeric,12,numeric,"0,02",numeric,448,numeric,"0,1",numeric,558,numeric,93,numeric,"0,05",numeric,"1,3",numeric,195,numeric,,missing,,missing,Tr,trace,"0,19",numeric,Tr,trace,Tr,trace,Tr,trace
469,"Queijo, ricota",Leite e derivados,59,60,"73,6",numeric,140,numeric,585,numeric,"12,6",numeric,"8,1",numeric,49,numeric,"3,8",numeric,NA,missing,"1,9",numeric,253,numeric,12,numeric,Tr,trace,162,numeric,"0,1",numeric,283,numeric,112,numeric,Tr,trace,"0,5",numeric,53,numeric,,missing,,missing,Tr,trace,"0,15",numeric,Tr,trace,Tr,trace,Tr,trace
470,"Bebida isotônica, sabores variados",Bebidas (alcoólicas e não alcoólicas),59,60,"93,5",numeric,26,numeric,107,numeric,"0,0",numeric,"0,0",numeric,NA,missing,"6,4",numeric,NA,missing,"0,1",numeric,1,numeric,Tr,trace,Tr,trace,9,numeric,"0,7",numeric,44,numeric,13,numeric,Tr,trace,Tr,trace,NA,missing,,missing,,missing,,missing,,missing,,missing,,missing,,missing
471,"Café, infusão 10%",Bebidas (alcoólicas e não alcoólicas),59,60,"97,4",numeric,9,numeric,38,numeric,"0,7",numeric,"0,1",numeric,NA,missing,"1,5",numeric,NA,missing,"0,4",numeric,3,numeric,10,numeric,"0,04",numeric,9,numeric,Tr,trace,1,numeric,156,numeric,"0,01",numeric,Tr,trace,NA,missing,,missing,,missing,,missing,,missing,,missing,,missing,,missing
472,"Cana, aguardente 1",Bebidas (alcoólicas e não alcoólicas),59,60,,missing,216,numeric,902,numeric,,missing,,missing,NA,missing,,missing,NA,missing,,missing,Tr,trace,Tr,trace,Tr,trace,Tr,trace,Tr,trace,3,numeric,Tr,trace,"0,06",numeric,Tr,trace,NA,missing,,missing,,missing,Tr,trace,Tr,trace,Tr,trace,Tr,trace,,missing
473,"Cana, caldo de",Bebidas (alcoólicas e não alcoólicas),59,60,"81,7",numeric,65,numeric,273,numeric,Tr,trace,Tr,trace,NA,missing,"18,2",numeric,"0,1",numeric,"0,1",numeric,9,numeric,12,numeric,"0,21",numeric,5,numeric,"0,8",numeric,Tr,trace,18,numeric,"0,01",numeric,"0,1",numeric,NA,missing,,missing,,missing,Tr,trace,Tr,trace,"0,03",numeric,Tr,trace,"2,8",numeric
474,"Cerveja, pilsen 2",Bebidas (alcoólicas e não alcoólicas),59,60,"92,4",numeric,41,numeric,170,numeric,"0,6",numeric,Tr,trace,NA,missing,"3,3",numeric,NA,missing,"0,1",numeric,5,numeric,7,numeric,"0,01",numeric,19,numeric,Tr,trace,4,numeric,29,numeric,Tr,trace,Tr,trace,NA,missing,,missing,,missing,Tr,trace,Tr,trace,"0,14",numeric,"2,92",numeric,Tr,trace
475,"Chá, erva-doce, infusão 5%",Bebidas (alcoólicas e não alcoólicas),59,60,"99,6",numeric,1,numeric,6,numeric,"0,0",numeric,"0,0",numeric,NA,missing,"0,4",numeric,NA,missing,"0,0",numeric,2,numeric,1,numeric,"0,01",numeric,1,numeric,Tr,trace,1,numeric,10,numeric,"0,01",numeric,Tr,trace,NA,missing,,missing,,missing,"1,23",numeric,"0,23",numeric,,missing,,missing,,missing
476,"Chá, mate, infusão 5%",Bebidas (alcoólicas e não alcoólicas),59,60,"99,3",numeric,3,numeric,11,numeric,"0,0",numeric,"0,1",numeric,NA,missing,"0,6",numeric,NA,missing,"0,0",numeric,1,numeric,2,numeric,"0,27",numeric,Tr,trace,Tr,trace,Tr,trace,5,numeric,Tr,trace,Tr,trace,NA,missing,,missing,,missing,"0,89",numeric,Tr,trace,,missing,,missing,,missing
477,"Chá, preto, infusão 5%",Bebidas (alcoólicas e não alcoólicas),59,60,"99,4",numeric,2,numeric,9,numeric,"0,0",numeric,"0,0",numeric,NA,missing,"0,6",numeric,NA,missing,"0,0",numeric,0,numeric,1,numeric,"0,09",numeric,2,numeric,Tr,trace,Tr,trace,13,numeric,Tr,trace,Tr,trace,NA,missing,,missing,,missing,"3,11",numeric,"0,48",numeric,,missing,,missing,,missing
478,"Coco, água de",Bebidas (alcoólicas e não alcoólicas),59,60,"94,3",numeric,22,numeric,90,numeric,"0,0",numeric,"0,0",numeric,NA,missing,"5,3",numeric,"0,1",numeric,"0,5",numeric,19,numeric,5,numeric,"0,25",numeric,4,numeric,Tr,trace,2,numeric,162,numeric,Tr,trace,Tr,trace,NA,missing,,missing,,missing,"0,01",numeric,Tr,trace,Tr,trace,Tr,trace,"2,4",numeric
479,"Refrigerante, tipo água tônica",Bebidas (alcoólicas e não alcoólicas),59,60,"92,0",numeric,31,numeric,129,numeric,"0,0",numeric,"0,0",numeric,NA,missing,"8,0",numeric,NA,missing,"0,0",numeric,1,numeric,Tr,trace,Tr,trace,0,numeric,Tr,trace,8,numeric,2,numeric,Tr,trace,Tr,trace,NA,missing,,missing,,missing,,missing,,missing,,missing,,missing,,missing
480,"Refrigerante, tipo cola",Bebidas (alcoólicas e não alcoólicas),59,60,"91,3",numeric,34,numeric,140,numeric,"0,0",numeric,"0,0",numeric,NA,missing,"8,7",numeric,NA,missing,"0,1",numeric,1,numeric,Tr,trace,Tr,trace,17,numeric,Tr,trace,7,numeric,1,numeric,Tr,trace,Tr,trace,NA,missing,,missing,,missing,,missing,,missing,,missing,,missing,,missing
481,"Refrigerante, tipo guaraná",Bebidas (alcoólicas e não alcoólicas),59,60,"90,0",numeric,39,numeric,162,numeric,"0,0",numeric,"0,0",numeric,NA,missing,"10,0",numeric,NA,missing,"0,0",numeric,1,numeric,Tr,trace,Tr,trace,Tr,trace,Tr,trace,9,numeric,1,numeric,Tr,trace,Tr,trace,NA,missing,,missing,,missing,,missing,,missing,,missing,,missing,,missing
482,"Refrigerante, tipo laranja",Bebidas (alcoólicas e não alcoólicas),59,60,"88,2",numeric,46,numeric,191,numeric,"0,0",numeric,"0,0",numeric,NA,missing,"11,8",numeric,NA,missing,"0,0",numeric,2,numeric,1,numeric,Tr,trace,1,numeric,Tr,trace,9,numeric,16,numeric,Tr,trace,Tr,trace,NA,missing,,missing,,missing,,missing,,missing,,missing,,missing,,missing
483,"Refrigerante, tipo limão",Bebidas (alcoólicas e não alcoólicas),59,60,"89,7",numeric,40,numeric,166,numeric,"0,0",numeric,"0,0",numeric,NA,missing,"10,3",numeric,NA,missing,"0,0",numeric,2,numeric,1,numeric,Tr,trace,Tr,trace,Tr,trace,9,numeric,4,numeric,Tr,trace,Tr,trace,NA,missing,,missing,,missing,,missing,,missing,,missing,,missing,,missing
484,"Omelete, de queijo",Ovos e derivados,59,60,"60,5",numeric,268,numeric,1121,numeric,"15,6",numeric,"22,0",numeric,384,numeric,"0,4",numeric,NA,missing,"1,5",numeric,166,numeric,14,numeric,"0,03",numeric,314,numeric,"1,4",numeric,216,numeric,127,numeric,"0,03",numeric,"1,4",numeric,59,numeric,,missing,,missing,"0,03",numeric,"0,24",numeric,Tr,trace,Tr,trace,Tr,trace
485,"Ovo, de codorna, inteiro, cru",Ovos e derivados,59,60,"71,7",numeric,177,numeric,740,numeric,"13,7",numeric,"12,7",numeric,568,numeric,"0,8",numeric,NA,missing,"1,2",numeric,79,numeric,11,numeric,Tr,trace,279,numeric,"3,3",numeric,129,numeric,79,numeric,"0,04",numeric,"2,1",numeric,305,numeric,,missing,,missing,"0,11",numeric,"0,12",numeric,Tr,trace,"0,97",numeric,,missing
486,"Ovo, de galinha, clara, cozida/10minutos",Ovos e derivados,59,60,"85,2",numeric,59,numeric,249,numeric,"13,4",numeric,"0,1",numeric,NA,missing,"0,0",numeric,NA,missing,"0,7",numeric,6,numeric,11,numeric,Tr,trace,15,numeric,"0,1",numeric,181,numeric,146,numeric,"0,03",numeric,Tr,trace,NA,missing,,missing,,missing,Tr,trace,"0,08",numeric,Tr,trace,Tr,trace,,missing
487,"Ovo, de galinha, gema, cozida/10minutos",Ovos e derivados,59,60,"50,0",numeric,353,numeric,1476,numeric,"15,9",numeric,"30,8",numeric,1272,numeric,"1,6",numeric,NA,missing,"1,7",numeric,114,numeric,9,numeric,"0,06",numeric,386,numeric,"2,9",numeric,45,numeric,87,numeric,Tr,trace,"2,9",numeric,148,numeric,,missing,,missing,"0,18",numeric,"0,22",numeric,Tr,trace,Tr,trace,,missing
488,"Ovo, de galinha, inteiro, cozido/10minutos",Ovos e derivados,59,60,"75,8",numeric,146,numeric,610,numeric,"13,3",numeric,"9,5",numeric,397,numeric,"0,6",numeric,NA,missing,"0,8",numeric,49,numeric,11,numeric,"0,02",numeric,184,numeric,"1,5",numeric,146,numeric,139,numeric,"0,04",numeric,"1,2",numeric,32,numeric,,missing,,missing,"0,08",numeric,"0,30",numeric,Tr,trace,Tr,trace,,missing
489,"Ovo, de galinha, inteiro, cru",Ovos e derivados,59,60,"75,6",numeric,143,numeric,599,numeric,"13,0",numeric,"8,9",numeric,356,numeric,"1,6",numeric,NA,missing,"0,8",numeric,42,numeric,13,numeric,Tr,trace,164,numeric,"1,6",numeric,168,numeric,150,numeric,"0,06",numeric,"1,1",numeric,79,numeric,,missing,,missing,"0,07",numeric,"0,58",numeric,Tr,trace,"0,75",numeric,,missing
490,"Ovo, de galinha, inteiro, frito",Ovos e derivados,59,60,"63,5",numeric,240,numeric,1005,numeric,"15,6",numeric,"18,6",numeric,516,numeric,"1,2",numeric,NA,missing,"1,1",numeric,73,numeric,16,numeric,"0,03",numeric,422,numeric,"2,1",numeric,166,numeric,184,numeric,"0,04",numeric,"1,5",numeric,94,numeric,,missing,,missing,"0,06",numeric,"0,32",numeric,Tr,trace,Tr,trace,Tr,trace
491,"Achocolatado, pó",Produtos açucarados,59,60,"1,1",numeric,401,numeric,1678,numeric,"4,2",numeric,"2,2",numeric,Tr,trace,"91,2",numeric,"3,9",numeric,"1,4",numeric,44,numeric,77,numeric,"0,55",numeric,200,numeric,"5,4",numeric,65,numeric,496,numeric,"0,56",numeric,"1,0",numeric,796,numeric,,missing,,missing,"1,38",numeric,"1,02",numeric,"1,52",numeric,"4,99",numeric,Tr,trace
492,"Açúcar, cristal",Produtos açucarados,59,60,"0,1",numeric,387,numeric,1619,numeric,"0,3",numeric,Tr,trace,NA,missing,"99,6",numeric,NA,missing,Tr,trace,8,numeric,1,numeric,,missing,Tr,trace,"0,2",numeric,Tr,trace,3,numeric,Tr,trace,Tr,trace,NA,missing,,missing,,missing,,missing,,missing,,missing,,missing,,missing
493,"Açúcar, mascavo",Produtos açucarados,61,62,"3,3",numeric,369,numeric,1542,numeric,"0,8",numeric,"0,1",numeric,NA,missing,"94,5",numeric,NA,missing,"1,4",numeric,127,numeric,80,numeric,"2,03",numeric,38,numeric,"8,3",numeric,25,numeric,522,numeric,"0,17",numeric,"0,5",numeric,NA,missing,,missing,,missing,Tr,trace,"0,03",numeric,Tr,trace,Tr,trace,Tr,trace
494,"Açúcar, refinado",Produtos açucarados,61,62,"0,1",numeric,387,numeric,1617,numeric,"0,3",numeric,Tr,trace,NA,missing,"99,5",numeric,NA,missing,Tr,trace,4,numeric,1,numeric,,missing,Tr,trace,"0,1",numeric,12,numeric,6,numeric,Tr,trace,Tr,trace,NA,missing,,missing,,missing,,missing,,missing,,missing,,missing,,missing
495,"Chocolate, ao leite",Produtos açucarados,61,62,"1,3",numeric,540,numeric,2258,numeric,"7,2",numeric,"30,3",numeric,17,numeric,"59,6",numeric,"2,2",numeric,"1,7",numeric,191,numeric,57,numeric,"0,30",numeric,212,numeric,"1,6",numeric,77,numeric,355,numeric,"0,31",numeric,"1,1",numeric,Tr,trace,,missing,,missing,"0,05",numeric,"0,22",numeric,"0,59",numeric,"0,63",numeric,Tr,trace
496,"Chocolate, ao leite, com castanha do Pará",Produtos açucarados,61,62,"1,2",numeric,559,numeric,2338,numeric,"7,4",numeric,"34,2",numeric,16,numeric,"55,4",numeric,"2,5",numeric,"1,8",numeric,171,numeric,80,numeric,"0,36",numeric,303,numeric,"1,5",numeric,64,numeric,431,numeric,"0,45",numeric,"1,3",numeric,36,numeric,,missing,,missing,"0,04",numeric,"0,24",numeric,Tr,trace,"1,37",numeric,"1,4",numeric
497,"Chocolate, ao leite, dietético",Produtos açucarados,61,62,"1,7",numeric,557,numeric,2330,numeric,"6,9",numeric,"33,8",numeric,13,numeric,"56,3",numeric,"2,8",numeric,"1,3",numeric,188,numeric,67,numeric,"0,41",numeric,276,numeric,"3,3",numeric,85,numeric,458,numeric,"0,43",numeric,"1,1",numeric,7,numeric,,missing,,missing,"0,31",numeric,"0,25",numeric,Tr,trace,"0,79",numeric,"2,0",numeric
498,"Chocolate, meio amargo",Produtos açucarados,61,62,"1,0",numeric,475,numeric,1987,numeric,"4,9",numeric,"29,9",numeric,2,numeric,"62,4",numeric,"4,9",numeric,"1,8",numeric,45,numeric,107,numeric,"0,83",numeric,220,numeric,"3,6",numeric,9,numeric,432,numeric,"0,77",numeric,"1,5",numeric,Tr,trace,,missing,,missing,"0,20",numeric,"0,04",numeric,Tr,trace,"1,06",numeric,"2,1",numeric
499,Cocada branca,Produtos açucarados,61,62,"3,4",numeric,449,numeric,1878,numeric,"1,1",numeric,"13,6",numeric,NA,missing,"81,4",numeric,"3,6",numeric,"0,5",numeric,7,numeric,17,numeric,"0,36",numeric,396,numeric,"1,2",numeric,29,numeric,183,numeric,"0,20",numeric,"0,4",numeric,NA,missing,,missing,,missing,Tr,trace,Tr,trace,"0,16",numeric,"0,47",numeric,Tr,trace
500,"Doce, de abóbora, cremoso",Produtos açucarados,61,62,"43,9",numeric,199,numeric,832,numeric,"0,9",numeric,"0,2",numeric,NA,missing,"54,6",numeric,"2,3",numeric,"0,4",numeric,13,numeric,6,numeric,"0,01",numeric,14,numeric,"0,9",numeric,Tr,trace,137,numeric,Tr,trace,Tr,trace,NA,missing,,missing,,missing,"0,08",numeric,Tr,trace,"0,04",numeric,Tr,trace,"0,1",numeric
501,"Doce, de leite, cremoso",Produtos açucarados,61,62,"27,5",numeric,306,numeric,1282,numeric,"5,5",numeric,"6,0",numeric,20,numeric,"59,5",numeric,NA,missing,"1,5",numeric,195,numeric,16,numeric,"0,01",numeric,141,numeric,"0,1",numeric,120,numeric,259,numeric,"0,02",numeric,"0,5",numeric,36,numeric,36,numeric,36,numeric,"0,05",numeric,"0,26",numeric,Tr,trace,Tr,trace,Tr,trace
502,"Geléia, mocotó, natural",Produtos açucarados,61,62,"73,5",numeric,106,numeric,444,numeric,"2,1",numeric,"0,1",numeric,Tr,trace,"24,2",numeric,NA,missing,"0,1",numeric,4,numeric,1,numeric,Tr,trace,Tr,trace,"0,1",numeric,43,numeric,2,numeric,Tr,trace,Tr,trace,Tr,trace,,missing,,missing,"0,19",numeric,Tr,trace,"0,22",numeric,Tr,trace,Tr,trace
503,Glicose de milho,Produtos açucarados,61,62,"20,4",numeric,292,numeric,1222,numeric,"0,0",numeric,"0,0",numeric,NA,missing,"79,4",numeric,NA,missing,"0,2",numeric,6,numeric,2,numeric,Tr,trace,5,numeric,"0,1",numeric,59,numeric,5,numeric,Tr,trace,Tr,trace,NA,missing,,missing,,missing,,missing,,missing,,missing,,missing,,missing
504,Maria mole,Produtos açucarados,61,62,"21,6",numeric,301,numeric,1260,numeric,"3,8",numeric,"0,2",numeric,NA,missing,"73,6",numeric,"0,7",numeric,"0,9",numeric,13,numeric,7,numeric,"0,06",numeric,4,numeric,"0,4",numeric,15,numeric,24,numeric,"0,20",numeric,"0,1",numeric,NA,missing,,missing,,missing,"0,04",numeric,Tr,trace,Tr,trace,Tr,trace,Tr,trace
505,"Maria mole, coco queimado",Produtos açucarados,61,62,"20,7",numeric,307,numeric,1283,numeric,"3,9",numeric,"0,1",numeric,NA,missing,"75,1",numeric,"0,6",numeric,"0,2",numeric,19,numeric,6,numeric,"0,09",numeric,5,numeric,"0,5",numeric,14,numeric,36,numeric,"0,03",numeric,"0,1",numeric,NA,missing,,missing,,missing,"0,04",numeric,Tr,trace,Tr,trace,Tr,trace,Tr,trace
506,Marmelada,Produtos açucarados,61,62,"28,5",numeric,257,numeric,1076,numeric,"0,4",numeric,"0,1",numeric,NA,missing,"70,8",numeric,"4,1",numeric,"0,2",numeric,11,numeric,6,numeric,"0,06",numeric,20,numeric,"0,7",numeric,11,numeric,83,numeric,"0,09",numeric,"0,1",numeric,NA,missing,,missing,,missing,Tr,trace,Tr,trace,Tr,trace,Tr,trace,Tr,trace
507,"Mel, de abelha",Produtos açucarados,61,62,"15,8",numeric,309,numeric,1294,numeric,"0,0",numeric,"0,0",numeric,NA,missing,"84,0",numeric,NA,missing,"0,1",numeric,10,numeric,6,numeric,"0,38",numeric,4,numeric,"0,3",numeric,6,numeric,99,numeric,Tr,trace,"0,2",numeric,NA,missing,,missing,,missing,"0,11",numeric,Tr,trace,Tr,trace,Tr,trace,"0,7",numeric
508,Melado,Produtos açucarados,61,62,"22,1",numeric,297,numeric,1241,numeric,"0,0",numeric,"0,0",numeric,NA,missing,"76,6",numeric,NA,missing,"1,3",numeric,102,numeric,115,numeric,"2,62",numeric,74,numeric,"5,4",numeric,4,numeric,395,numeric,"0,84",numeric,"0,3",numeric,NA,missing,,missing,,missing,Tr,trace,"0,05",numeric,"0,20",numeric,Tr,trace,Tr,trace
509,Quindim,Produtos açucarados,61,62,"23,9",numeric,411,numeric,1721,numeric,"4,7",numeric,"24,4",numeric,271,numeric,"46,3",numeric,"3,2",numeric,"0,6",numeric,37,numeric,15,numeric,"0,25",numeric,168,numeric,"1,4",numeric,27,numeric,111,numeric,"0,10",numeric,"1,1",numeric,76,numeric,,missing,,missing,Tr,trace,"0,04",numeric,"0,04",numeric,"1,14",numeric,Tr,trace
510,Rapadura,Produtos açucarados,61,62,"7,1",numeric,352,numeric,1473,numeric,"1,0",numeric,"0,1",numeric,NA,missing,"90,8",numeric,NA,missing,"1,1",numeric,30,numeric,47,numeric,"1,66",numeric,21,numeric,"4,4",numeric,22,numeric,459,numeric,"0,17",numeric,"0,6",numeric,NA,missing,,missing,,missing,Tr,trace,Tr,trace,"0,04",numeric,Tr,trace,Tr,trace
511,"Café, pó, torrado",Miscelâneas,61,62,"2,9",numeric,419,numeric,1752,numeric,"14,7",numeric,"11,9",numeric,NA,missing,"65,8",numeric,"51,2",numeric,"4,7",numeric,107,numeric,165,numeric,"2,58",numeric,169,numeric,"8,1",numeric,1,numeric,1609,numeric,"1,30",numeric,"0,5",numeric,NA,missing,,missing,,missing,Tr,trace,Tr,trace,Tr,trace,"11,89",numeric,Tr,trace
512,"Capuccino, pó",Miscelâneas,61,62,"2,6",numeric,417,numeric,1746,numeric,"11,3",numeric,"8,6",numeric,29,numeric,"73,6",numeric,"2,4",numeric,"3,8",numeric,467,numeric,71,numeric,"0,17",numeric,358,numeric,"2,3",numeric,382,numeric,886,numeric,Tr,trace,"1,1",numeric,52,numeric,,missing,,missing,Tr,trace,"1,41",numeric,Tr,trace,Tr,trace,Tr,trace
513,"Fermento em pó, químico",Miscelâneas,61,62,"7,1",numeric,90,numeric,375,numeric,"0,5",numeric,"0,1",numeric,NA,missing,"43,9",numeric,NA,missing,"48,5",numeric,,missing,,missing,,missing,,missing,,missing,10052,numeric,,missing,,missing,,missing,NA,missing,,missing,,missing,,missing,,missing,,missing,,missing,,missing
514,"Fermento, biológico, levedura, tablete",Miscelâneas,61,62,"71,9",numeric,90,numeric,376,numeric,"17,0",numeric,"1,5",numeric,NA,missing,"7,7",numeric,"4,2",numeric,"1,9",numeric,18,numeric,38,numeric,"0,20",numeric,419,numeric,"2,6",numeric,40,numeric,576,numeric,"0,29",numeric,"11,0",numeric,NA,missing,,missing,,missing,"0,30",numeric,"0,36",numeric,Tr,trace,Tr,trace,Tr,trace
515,"Gelatina, sabores variados, pó",Miscelâneas,61,62,"1,2",numeric,380,numeric,1591,numeric,"8,9",numeric,Tr,trace,NA,missing,"89,2",numeric,NA,missing,"0,6",numeric,27,numeric,2,numeric,"0,03",numeric,2,numeric,"0,3",numeric,235,numeric,7,numeric,Tr,trace,Tr,trace,NA,missing,,missing,,missing,Tr,trace,Tr,trace,Tr,trace,Tr,trace,"40,0",numeric
516,"Sal, dietético",Miscelâneas,61,62,"0,6",numeric,NA,missing,NA,missing,NA,missing,NA,missing,NA,missing,NA,missing,NA,missing,"99,4",numeric,,missing,,missing,,missing,,missing,,missing,23432,numeric,20468,numeric,,missing,,missing,NA,missing,,missing,,missing,,missing,,missing,,missing,,missing,,missing
517,"Sal, grosso",Miscelâneas,61,62,"0,4",numeric,NA,missing,NA,missing,NA,missing,NA,missing,NA,missing,NA,missing,NA,missing,,missing,,missing,,missing,,missing,,missing,,missing,39943,numeric,,missing,,missing,,missing,NA,missing,,missing,,missing,,missing,,missing,,missing,,missing,,missing
518,Shoyu,Miscelâneas,61,62,"70,6",numeric,61,numeric,255,numeric,"3,3",numeric,"0,3",numeric,NA,missing,"11,6",numeric,NA,missing,"14,1",numeric,15,numeric,24,numeric,"0,07",numeric,47,numeric,"0,5",numeric,5024,numeric,165,numeric,Tr,trace,"0,2",numeric,NA,missing,,missing,,missing,"0,83",numeric,"0,06",numeric,"0,15",numeric,"2,10",numeric,Tr,trace
519,Tempero a base de sal,Miscelâneas,61,62,"7,7",numeric,21,numeric,89,numeric,"2,7",numeric,"0,3",numeric,NA,missing,"2,1",numeric,"0,6",numeric,"87,3",numeric,,missing,,missing,,missing,,missing,,missing,32560,numeric,,missing,,missing,,missing,NA,missing,,missing,,missing,,missing,,missing,,missing,,missing,,missing
520,"Azeitona, preta, conserva",Outros alimentos industrializados,61,62,"68,5",numeric,194,numeric,812,numeric,"1,2",numeric,"20,3",numeric,NA,missing,"5,5",numeric,"4,6",numeric,"4,5",numeric,59,numeric,5,numeric,"0,06",numeric,16,numeric,"5,5",numeric,1567,numeric,79,numeric,"0,25",numeric,"0,3",numeric,NA,missing,,missing,,missing,Tr,trace,Tr,trace,"0,04",numeric,Tr,trace,Tr,trace
521,"Azeitona, verde, conserva",Outros alimentos industrializados,63,64,"76,3",numeric,137,numeric,573,numeric,"0,9",numeric,"14,2",numeric,NA,missing,"4,1",numeric,"3,8",numeric,"4,5",numeric,46,numeric,4,numeric,"0,03",numeric,5,numeric,"0,2",numeric,1347,numeric,20,numeric,"0,14",numeric,"0,1",numeric,NA,missing,,missing,,missing,Tr,trace,Tr,trace,Tr,trace,Tr,trace,Tr,trace
522,"Chantilly, spray, com gordura vegetal",Outros alimentos industrializados,63,64,"55,1",numeric,315,numeric,1318,numeric,"0,5",numeric,"27,3",numeric,Tr,trace,"16,9",numeric,NA,missing,"0,2",numeric,2,numeric,1,numeric,Tr,trace,16,numeric,Tr,trace,110,numeric,5,numeric,"0,01",numeric,"0,1",numeric,Tr,trace,,missing,,missing,"0,07",numeric,Tr,trace,Tr,trace,Tr,trace,,missing
523,"Leite, de coco",Outros alimentos industrializados,63,64,"78,0",numeric,166,numeric,695,numeric,"1,0",numeric,"18,4",numeric,NA,missing,"2,2",numeric,"0,7",numeric,"0,4",numeric,6,numeric,17,numeric,"0,24",numeric,26,numeric,"0,5",numeric,44,numeric,144,numeric,"0,16",numeric,"0,3",numeric,NA,missing,,missing,,missing,Tr,trace,Tr,trace,Tr,trace,Tr,trace,Tr,trace
524,"Maionese, tradicional com ovos",Outros alimentos industrializados,63,64,"58,4",numeric,302,numeric,1264,numeric,"0,6",numeric,"30,5",numeric,42,numeric,"7,9",numeric,NA,missing,"2,6",numeric,3,numeric,1,numeric,Tr,trace,14,numeric,"0,1",numeric,787,numeric,16,numeric,Tr,trace,"0,1",numeric,8,numeric,,missing,,missing,Tr,trace,"0,05",numeric,Tr,trace,Tr,trace,Tr,trace
525,Acarajé,Alimentos preparados,63,64,"50,5",numeric,289,numeric,1210,numeric,"8,3",numeric,"19,9",numeric,25,numeric,"19,1",numeric,"9,4",numeric,"2,1",numeric,124,numeric,51,numeric,"0,59",numeric,142,numeric,"1,9",numeric,305,numeric,354,numeric,"0,23",numeric,"1,2",numeric,Tr,trace,,missing,,missing,"0,06",numeric,Tr,trace,Tr,trace,Tr,trace,,missing
526,Arroz carreteiro,Alimentos preparados,63,64,"68,0",numeric,154,numeric,643,numeric,"10,8",numeric,"7,1",numeric,36,numeric,"11,6",numeric,"1,5",numeric,"2,4",numeric,13,numeric,9,numeric,"0,18",numeric,48,numeric,"1,0",numeric,1622,numeric,87,numeric,"0,08",numeric,"2,7",numeric,Tr,trace,,missing,,missing,"0,03",numeric,Tr,trace,"0,07",numeric,"1,60",numeric,,missing
527,"Baião de dois, arroz e feijão-de-corda",Alimentos preparados,63,64,"69,1",numeric,136,numeric,568,numeric,"6,2",numeric,"3,2",numeric,4,numeric,"20,4",numeric,"5,1",numeric,"1,1",numeric,33,numeric,19,numeric,"0,27",numeric,72,numeric,"0,6",numeric,93,numeric,157,numeric,"0,08",numeric,"0,6",numeric,Tr,trace,,missing,,missing,"0,04",numeric,Tr,trace,"0,04",numeric,Tr,trace,Tr,trace
528,Barreado,Alimentos preparados,63,64,"71,2",numeric,165,numeric,690,numeric,"18,3",numeric,"9,5",numeric,60,numeric,"0,2",numeric,"0,1",numeric,"0,8",numeric,15,numeric,21,numeric,"0,05",numeric,169,numeric,"2,4",numeric,48,numeric,295,numeric,"0,17",numeric,"4,8",numeric,Tr,trace,,missing,,missing,"0,03",numeric,"0,04",numeric,Tr,trace,"2,09",numeric,Tr,trace
529,"Bife à cavalo, com contra filé",Alimentos preparados,63,64,"54,2",numeric,291,numeric,1219,numeric,"23,7",numeric,"21,1",numeric,257,numeric,"0,0",numeric,NA,missing,"1,1",numeric,26,numeric,19,numeric,"0,02",numeric,216,numeric,"2,1",numeric,83,numeric,272,numeric,"0,06",numeric,"3,2",numeric,37,numeric,,missing,,missing,"0,05",numeric,"0,10",numeric,Tr,trace,"2,92",numeric,,missing
530,Bolinho de arroz,Alimentos preparados,63,64,"41,5",numeric,274,numeric,1144,numeric,"8,0",numeric,"8,3",numeric,70,numeric,"41,7",numeric,"2,7",numeric,"0,5",numeric,24,numeric,13,numeric,"0,42",numeric,87,numeric,"2,1",numeric,59,numeric,96,numeric,"0,13",numeric,"0,9",numeric,Tr,trace,,missing,,missing,"0,08",numeric,"0,05",numeric,Tr,trace,Tr,trace,Tr,trace
531,Camarão à baiana,Alimentos preparados,63,64,"82,0",numeric,101,numeric,422,numeric,"7,9",numeric,"6,0",numeric,117,numeric,"3,2",numeric,"0,4",numeric,"0,9",numeric,43,numeric,15,numeric,"0,11",numeric,244,numeric,"1,4",numeric,85,numeric,139,numeric,"0,07",numeric,"0,5",numeric,Tr,trace,,missing,,missing,Tr,trace,Tr,trace,Tr,trace,"0,31",numeric,"4,1",numeric
532,"Charuto, de repolho",Alimentos preparados,63,64,"81,5",numeric,78,numeric,327,numeric,"6,8",numeric,"1,1",numeric,21,numeric,"10,1",numeric,"1,5",numeric,"0,4",numeric,23,numeric,13,numeric,"0,22",numeric,68,numeric,"0,9",numeric,12,numeric,184,numeric,"1,45",numeric,"1,8",numeric,Tr,trace,,missing,,missing,"0,03",numeric,Tr,trace,Tr,trace,"0,32",numeric,"4,8",numeric
533,"Cuscuz, de milho, cozido com sal",Alimentos preparados,63,64,"71,1",numeric,113,numeric,475,numeric,"2,2",numeric,"0,7",numeric,NA,missing,"25,3",numeric,"2,1",numeric,"0,7",numeric,2,numeric,3,numeric,"0,02",numeric,23,numeric,"0,2",numeric,248,numeric,11,numeric,Tr,trace,"0,2",numeric,Tr,trace,,missing,,missing,Tr,trace,Tr,trace,"0,06",numeric,Tr,trace,Tr,trace
534,"Cuscuz, paulista",Alimentos preparados,63,64,"68,9",numeric,142,numeric,595,numeric,"2,6",numeric,"4,6",numeric,15,numeric,"22,5",numeric,"2,4",numeric,"1,3",numeric,14,numeric,5,numeric,"0,06",numeric,26,numeric,"0,3",numeric,236,numeric,53,numeric,"0,05",numeric,"0,2",numeric,Tr,trace,,missing,,missing,Tr,trace,Tr,trace,Tr,trace,"0,93",numeric,Tr,trace
535,"Cuxá, molho",Alimentos preparados,63,64,"81,0",numeric,80,numeric,335,numeric,"5,6",numeric,"3,6",numeric,58,numeric,"5,7",numeric,"3,0",numeric,"4,0",numeric,105,numeric,34,numeric,"0,23",numeric,111,numeric,"0,9",numeric,1344,numeric,124,numeric,"0,17",numeric,"0,6",numeric,Tr,trace,33,numeric,16,numeric,"0,04",numeric,Tr,trace,"0,03",numeric,"1,10",numeric,"10,3",numeric
536,Dobradinha,Alimentos preparados,63,64,"75,3",numeric,125,numeric,521,numeric,"19,8",numeric,"4,4",numeric,144,numeric,"0,0",numeric,NA,missing,"0,3",numeric,11,numeric,8,numeric,"0,11",numeric,57,numeric,"1,0",numeric,29,numeric,58,numeric,"0,06",numeric,"2,7",numeric,Tr,trace,,missing,,missing,Tr,trace,Tr,trace,Tr,trace,"4,27",numeric,,missing
537,Estrogonofe de carne,Alimentos preparados,63,64,"70,1",numeric,173,numeric,724,numeric,"15,0",numeric,"10,8",numeric,66,numeric,"3,0",numeric,,missing,"1,1",numeric,28,numeric,22,numeric,"0,03",numeric,186,numeric,"2,7",numeric,123,numeric,322,numeric,"0,14",numeric,"2,0",numeric,28,numeric,,missing,,missing,"0,06",numeric,"0,05",numeric,Tr,trace,"3,25",numeric,Tr,trace
538,Estrogonofe de frango,Alimentos preparados,63,64,"70,9",numeric,157,numeric,656,numeric,"17,6",numeric,"8,0",numeric,80,numeric,"2,6",numeric,,missing,"1,0",numeric,26,numeric,25,numeric,"0,03",numeric,195,numeric,"1,5",numeric,99,numeric,307,numeric,"0,12",numeric,"0,6",numeric,28,numeric,,missing,,missing,"0,07",numeric,"0,04",numeric,"0,03",numeric,"3,37",numeric,Tr,trace
539,Feijão tropeiro mineiro,Alimentos preparados,63,64,"61,7",numeric,152,numeric,634,numeric,"10,2",numeric,"6,8",numeric,68,numeric,"19,6",numeric,"3,6",numeric,"1,8",numeric,41,numeric,36,numeric,"0,38",numeric,199,numeric,"2,2",numeric,365,numeric,349,numeric,"0,22",numeric,"1,4",numeric,9,numeric,,missing,,missing,Tr,trace,Tr,trace,Tr,trace,"1,44",numeric,Tr,trace
540,Feijoada,Alimentos preparados,63,64,"71,8",numeric,117,numeric,489,numeric,"8,7",numeric,"6,5",numeric,22,numeric,"11,6",numeric,"5,1",numeric,"1,4",numeric,32,numeric,32,numeric,"0,24",numeric,105,numeric,"1,3",numeric,278,numeric,303,numeric,"0,15",numeric,"0,8",numeric,Tr,trace,,missing,,missing,"0,08",numeric,"0,03",numeric,Tr,trace,"0,93",numeric,Tr,trace
541,"Frango, com açafrão",Alimentos preparados,63,64,"79,5",numeric,113,numeric,472,numeric,"9,7",numeric,"6,2",numeric,50,numeric,"4,1",numeric,"0,2",numeric,"0,5",numeric,13,numeric,16,numeric,"0,09",numeric,167,numeric,"0,8",numeric,29,numeric,256,numeric,"0,02",numeric,"0,5",numeric,8,numeric,,missing,,missing,"0,03",numeric,Tr,trace,Tr,trace,"1,64",numeric,"5,3",numeric
542,"Macarrão, molho bolognesa",Alimentos preparados,63,64,"71,4",numeric,120,numeric,500,numeric,"4,9",numeric,"0,9",numeric,7,numeric,"22,5",numeric,"0,8",numeric,"0,2",numeric,11,numeric,10,numeric,"0,22",numeric,54,numeric,"1,4",numeric,9,numeric,84,numeric,"0,09",numeric,"0,8",numeric,Tr,trace,,missing,,missing,"0,04",numeric,Tr,trace,Tr,trace,"1,44",numeric,Tr,trace
543,Maniçoba,Alimentos preparados,63,64,"76,4",numeric,134,numeric,562,numeric,"10,0",numeric,"8,7",numeric,43,numeric,"3,4",numeric,"2,2",numeric,"1,5",numeric,66,numeric,24,numeric,"0,60",numeric,55,numeric,"3,2",numeric,407,numeric,148,numeric,"0,16",numeric,"2,0",numeric,Tr,trace,222,numeric,111,numeric,"0,04",numeric,"0,07",numeric,"0,05",numeric,"2,58",numeric,Tr,trace
544,Quibebe,Alimentos preparados,63,64,"81,1",numeric,86,numeric,361,numeric,"8,6",numeric,"2,7",numeric,NA,missing,"6,6",numeric,"1,7",numeric,"1,0",numeric,8,numeric,10,numeric,"0,05",numeric,43,numeric,"0,8",numeric,247,numeric,153,numeric,"0,61",numeric,"1,6",numeric,Tr,trace,105,numeric,52,numeric,Tr,trace,"0,03",numeric,"0,04",numeric,,missing,Tr,trace
545,"Salada, de legumes, com maionese",Alimentos preparados,63,64,"82,0",numeric,96,numeric,402,numeric,"1,1",numeric,"7,0",numeric,7,numeric,"8,9",numeric,"2,2",numeric,"0,9",numeric,12,numeric,9,numeric,"0,10",numeric,22,numeric,"0,2",numeric,228,numeric,141,numeric,"0,04",numeric,"0,2",numeric,Tr,trace,283,numeric,141,numeric,"0,04",numeric,Tr,trace,"0,04",numeric,Tr,trace,Tr,trace
546,"Salada, de legumes, cozida no vapor",Alimentos preparados,63,64,"90,0",numeric,35,numeric,148,numeric,"2,0",numeric,"0,3",numeric,NA,missing,"7,1",numeric,"2,5",numeric,"0,6",numeric,33,numeric,19,numeric,"0,24",numeric,45,numeric,"0,4",numeric,3,numeric,244,numeric,"0,17",numeric,"0,3",numeric,NA,missing,510,numeric,255,numeric,"0,05",numeric,"0,03",numeric,"0,03",numeric,Tr,trace,"29,4",numeric
547,"Salpicão, de frango",Alimentos preparados,63,64,"72,5",numeric,148,numeric,619,numeric,"13,9",numeric,"7,8",numeric,53,numeric,"4,6",numeric,"0,4",numeric,"1,1",numeric,9,numeric,13,numeric,"0,03",numeric,103,numeric,"0,3",numeric,248,numeric,149,numeric,"0,08",numeric,"0,4",numeric,Tr,trace,15,numeric,7,numeric,"0,05",numeric,,missing,Tr,trace,"1,48",numeric,"9,3",numeric
548,Sarapatel,Alimentos preparados,63,64,"75,0",numeric,123,numeric,515,numeric,"18,5",numeric,"4,4",numeric,315,numeric,"1,1",numeric,,missing,"1,1",numeric,12,numeric,13,numeric,"0,10",numeric,164,numeric,"7,2",numeric,216,numeric,199,numeric,"1,48",numeric,"1,8",numeric,1464,numeric,,missing,,missing,Tr,trace,"0,11",numeric,Tr,trace,"3,84",numeric,Tr,trace
549,Tabule,Alimentos preparados,63,64,"85,8",numeric,57,numeric,240,numeric,"2,0",numeric,"1,2",numeric,NA,missing,"10,6",numeric,"2,1",numeric,"0,4",numeric,19,numeric,18,numeric,"0,37",numeric,35,numeric,"0,6",numeric,1,numeric,188,numeric,"0,12",numeric,"0,6",numeric,NA,missing,,missing,,missing,"0,03",numeric,Tr,trace,Tr,trace,"0,60",numeric,"16,2",numeric
550,Tacacá,Alimentos preparados,65,66,"85,2",numeric,47,numeric,196,numeric,"7,0",numeric,"0,4",numeric,71,numeric,"3,4",numeric,"0,2",numeric,"4,1",numeric,45,numeric,30,numeric,"0,12",numeric,89,numeric,"0,9",numeric,1349,numeric,240,numeric,"0,22",numeric,"0,8",numeric,Tr,trace,35,numeric,18,numeric,"0,05",numeric,Tr,trace,Tr,trace,,missing,Tr,trace
551,"Tapioca, com manteiga",Alimentos preparados,65,66,"24,9",numeric,348,numeric,1455,numeric,"0,1",numeric,"10,9",numeric,31,numeric,"63,6",numeric,Tr,trace,"0,5",numeric,30,numeric,3,numeric,"0,06",numeric,8,numeric,"0,2",numeric,158,numeric,19,numeric,"0,01",numeric,"0,0",numeric,75,numeric,,missing,,missing,Tr,trace,Tr,trace,Tr,trace,Tr,trace,Tr,trace
552,"Tucupi, com pimenta-de-cheiro",Alimentos preparados,65,66,"91,9",numeric,27,numeric,114,numeric,"2,1",numeric,"0,3",numeric,NA,missing,"4,7",numeric,"0,2",numeric,"1,0",numeric,28,numeric,42,numeric,"0,52",numeric,31,numeric,"1,1",numeric,5,numeric,391,numeric,"0,12",numeric,"0,9",numeric,NA,missing,51,numeric,25,numeric,Tr,trace,Tr,trace,"0,05",numeric,Tr,trace,"46,4",numeric
553,Vaca atolada,Alimentos preparados,65,66,"75,0",numeric,145,numeric,606,numeric,"5,1",numeric,"9,3",numeric,19,numeric,"10,1",numeric,"2,3",numeric,"0,5",numeric,63,numeric,16,numeric,"0,04",numeric,72,numeric,"0,7",numeric,26,numeric,220,numeric,"0,12",numeric,"1,2",numeric,Tr,trace,,missing,,missing,Tr,trace,Tr,trace,Tr,trace,"0,77",numeric,Tr,trace
554,Vatapá,Alimentos preparados,65,66,"58,4",numeric,255,numeric,1066,numeric,"6,0",numeric,"23,2",numeric,44,numeric,"9,7",numeric,"1,7",numeric,"2,7",numeric,47,numeric,39,numeric,"0,48",numeric,108,numeric,"1,4",numeric,880,numeric,209,numeric,"0,28",numeric,"0,9",numeric,Tr,trace,,missing,,missing,Tr,trace,Tr,trace,Tr,trace,"1,80",numeric,Tr,trace
555,Virado à paulista,Alimentos preparados,65,66,"48,6",numeric,307,numeric,1284,numeric,"10,2",numeric,"25,6",numeric,66,numeric,"14,1",numeric,"2,2",numeric,"1,5",numeric,41,numeric,22,numeric,"0,15",numeric,135,numeric,"1,1",numeric,346,numeric,237,numeric,"0,07",numeric,"1,0",numeric,10,numeric,,missing,,missing,"0,14",numeric,"0,05",numeric,Tr,trace,"2,60",numeric,Tr,trace
556,Yakisoba,Alimentos preparados,65,66,"69,4",numeric,113,numeric,472,numeric,"7,5",numeric,"2,6",numeric,NA,missing,"18,3",numeric,"1,1",numeric,"2,2",numeric,14,numeric,13,numeric,"0,15",numeric,83,numeric,"0,6",numeric,794,numeric,159,numeric,"0,06",numeric,"0,7",numeric,NA,missing,62,numeric,31,numeric,"0,16",numeric,Tr,trace,Tr,trace,"2,09",numeric,Tr,trace
557,"Amendoim, grão, cru",Leguminosas e derivados,65,66,"6,4",numeric,544,numeric,2276,numeric,"27,2",numeric,"43,9",numeric,NA,missing,"20,3",numeric,"8,0",numeric,"2,2",numeric,Tr,trace,171,numeric,"1,96",numeric,407,numeric,"2,5",numeric,Tr,trace,580,numeric,"0,78",numeric,"3,2",numeric,NA,missing,,missing,,missing,"0,10",numeric,"0,03",numeric,"0,76",numeric,"10,18",numeric,Tr,trace
558,"Amendoim, torrado, salgado",Leguminosas e derivados,65,66,"1,7",numeric,606,numeric,2535,numeric,"22,5",numeric,"54,0",numeric,NA,missing,"18,7",numeric,"7,8",numeric,"3,2",numeric,39,numeric,159,numeric,"1,70",numeric,261,numeric,"1,3",numeric,376,numeric,496,numeric,"0,68",numeric,"2,1",numeric,NA,missing,,missing,,missing,"0,08",numeric,Tr,trace,"0,21",numeric,"7,47",numeric,Tr,trace
559,"Ervilha, em vagem",Leguminosas e derivados,65,66,"76,8",numeric,88,numeric,367,numeric,"7,5",numeric,"0,5",numeric,NA,missing,"14,2",numeric,"9,7",numeric,"1,0",numeric,24,numeric,42,numeric,"0,40",numeric,152,numeric,"1,4",numeric,Tr,trace,311,numeric,"0,20",numeric,"1,2",numeric,NA,missing,,missing,,missing,"0,27",numeric,"0,07",numeric,"0,06",numeric,"1,16",numeric,"12,4",numeric
560,"Ervilha, enlatada, drenada",Leguminosas e derivados,65,66,"80,1",numeric,74,numeric,309,numeric,"4,6",numeric,"0,4",numeric,NA,missing,"13,4",numeric,"5,1",numeric,"1,4",numeric,22,numeric,23,numeric,"0,46",numeric,79,numeric,"1,4",numeric,372,numeric,147,numeric,"0,14",numeric,"0,9",numeric,NA,missing,9,numeric,5,numeric,"0,07",numeric,"0,03",numeric,Tr,trace,Tr,trace,,missing
561,"Feijão, carioca, cozido",Leguminosas e derivados,65,66,"80,4",numeric,76,numeric,320,numeric,"4,8",numeric,"0,5",numeric,NA,missing,"13,6",numeric,"8,5",numeric,"0,7",numeric,27,numeric,42,numeric,"0,28",numeric,87,numeric,"1,3",numeric,2,numeric,255,numeric,"0,19",numeric,"0,7",numeric,NA,missing,,missing,,missing,"0,04",numeric,Tr,trace,Tr,trace,Tr,trace,Tr,trace
562,"Feijão, carioca, cru",Leguminosas e derivados,65,66,"14,0",numeric,329,numeric,1377,numeric,"20,0",numeric,"1,3",numeric,NA,missing,"61,2",numeric,"18,4",numeric,"3,5",numeric,123,numeric,210,numeric,"1,02",numeric,385,numeric,"8,0",numeric,Tr,trace,1352,numeric,"0,79",numeric,"2,9",numeric,NA,missing,,missing,,missing,"0,17",numeric,Tr,trace,"0,65",numeric,"4,02",numeric,,missing
563,"Feijão, fradinho, cozido",Leguminosas e derivados,65,66,"80,0",numeric,78,numeric,326,numeric,"5,1",numeric,"0,6",numeric,NA,missing,"13,5",numeric,"7,5",numeric,"0,8",numeric,17,numeric,38,numeric,"0,53",numeric,85,numeric,"1,1",numeric,1,numeric,253,numeric,"0,10",numeric,"1,1",numeric,NA,missing,,missing,,missing,"0,12",numeric,Tr,trace,Tr,trace,Tr,trace,Tr,trace
564,"Feijão, fradinho, cru",Leguminosas e derivados,65,66,"12,7",numeric,339,numeric,1419,numeric,"20,2",numeric,"2,4",numeric,NA,missing,"61,2",numeric,"23,6",numeric,"3,5",numeric,78,numeric,178,numeric,"1,43",numeric,355,numeric,"5,1",numeric,10,numeric,1083,numeric,"0,70",numeric,"3,9",numeric,NA,missing,,missing,,missing,"0,14",numeric,"0,03",numeric,"0,26",numeric,Tr,trace,Tr,trace
565,"Feijão, jalo, cozido",Leguminosas e derivados,65,66,"75,8",numeric,93,numeric,388,numeric,"6,1",numeric,"0,5",numeric,NA,missing,"16,5",numeric,"13,9",numeric,"1,0",numeric,29,numeric,44,numeric,"0,32",numeric,121,numeric,"1,9",numeric,1,numeric,348,numeric,"0,24",numeric,"1,0",numeric,NA,missing,,missing,,missing,"0,13",numeric,Tr,trace,"0,04",numeric,Tr,trace,Tr,trace
566,"Feijão, jalo, cru",Leguminosas e derivados,65,66,"13,5",numeric,328,numeric,1372,numeric,"20,1",numeric,"0,9",numeric,NA,missing,"61,5",numeric,"30,3",numeric,"3,9",numeric,98,numeric,170,numeric,"0,99",numeric,427,numeric,"7,0",numeric,25,numeric,1276,numeric,"0,95",numeric,"3,0",numeric,NA,missing,,missing,,missing,"0,10",numeric,Tr,trace,"0,12",numeric,Tr,trace,Tr,trace
567,"Feijão, preto, cozido",Leguminosas e derivados,65,66,"80,2",numeric,77,numeric,322,numeric,"4,5",numeric,"0,5",numeric,NA,missing,"14,0",numeric,"8,4",numeric,"0,8",numeric,29,numeric,40,numeric,"0,37",numeric,88,numeric,"1,5",numeric,2,numeric,256,numeric,"0,20",numeric,"0,7",numeric,NA,missing,,missing,,missing,"0,06",numeric,Tr,trace,"0,03",numeric,Tr,trace,Tr,trace
568,"Feijão, preto, cru",Leguminosas e derivados,65,66,"14,9",numeric,324,numeric,1354,numeric,"21,3",numeric,"1,2",numeric,NA,missing,"58,8",numeric,"21,8",numeric,"3,8",numeric,111,numeric,188,numeric,"1,32",numeric,471,numeric,"6,5",numeric,Tr,trace,1416,numeric,"0,83",numeric,"2,9",numeric,NA,missing,,missing,,missing,"0,12",numeric,Tr,trace,"0,59",numeric,"4,60",numeric,,missing
569,"Feijão, rajado, cozido",Leguminosas e derivados,65,66,"77,9",numeric,85,numeric,354,numeric,"5,5",numeric,"0,4",numeric,NA,missing,"15,3",numeric,"9,3",numeric,"0,9",numeric,29,numeric,42,numeric,"0,29",numeric,113,numeric,"1,4",numeric,1,numeric,315,numeric,"0,23",numeric,"0,9",numeric,NA,missing,,missing,,missing,"0,09",numeric,Tr,trace,"0,04",numeric,Tr,trace,Tr,trace
570,"Feijão, rajado, cru",Leguminosas e derivados,65,66,"15,0",numeric,326,numeric,1363,numeric,"17,3",numeric,"1,2",numeric,NA,missing,"62,9",numeric,"24,0",numeric,"3,7",numeric,111,numeric,170,numeric,"1,17",numeric,335,numeric,"18,6",numeric,14,numeric,1135,numeric,"0,84",numeric,"2,6",numeric,NA,missing,,missing,,missing,"0,07",numeric,"0,03",numeric,"0,07",numeric,Tr,trace,Tr,trace
571,"Feijão, rosinha, cozido",Leguminosas e derivados,65,66,"82,6",numeric,68,numeric,284,numeric,"4,5",numeric,"0,5",numeric,NA,missing,"11,8",numeric,"4,8",numeric,"0,6",numeric,19,numeric,43,numeric,"0,46",numeric,90,numeric,"1,2",numeric,2,numeric,241,numeric,"0,09",numeric,"1,3",numeric,NA,missing,,missing,,missing,Tr,trace,Tr,trace,Tr,trace,"3,69",numeric,Tr,trace
572,"Feijão, rosinha, cru",Leguminosas e derivados,65,66,"12,0",numeric,337,numeric,1410,numeric,"20,9",numeric,"1,3",numeric,NA,missing,"62,2",numeric,"20,6",numeric,"3,6",numeric,68,numeric,184,numeric,"1,08",numeric,394,numeric,"5,3",numeric,24,numeric,1109,numeric,"0,60",numeric,"4,0",numeric,NA,missing,,missing,,missing,"0,16",numeric,"0,03",numeric,Tr,trace,"3,92",numeric,Tr,trace
573,"Feijão, roxo, cozido",Leguminosas e derivados,65,66,"80,0",numeric,77,numeric,322,numeric,"5,7",numeric,"0,5",numeric,NA,missing,"12,9",numeric,"11,5",numeric,"0,8",numeric,23,numeric,34,numeric,"0,32",numeric,106,numeric,"1,4",numeric,1,numeric,268,numeric,"0,22",numeric,"1,0",numeric,NA,missing,,missing,,missing,"0,15",numeric,Tr,trace,"0,03",numeric,Tr,trace,Tr,trace
574,"Feijão, roxo, cru",Leguminosas e derivados,65,66,"12,6",numeric,331,numeric,1387,numeric,"22,2",numeric,"1,2",numeric,NA,missing,"60,0",numeric,"33,8",numeric,"4,0",numeric,120,numeric,162,numeric,"1,34",numeric,394,numeric,"6,9",numeric,10,numeric,1221,numeric,"1,04",numeric,"3,3",numeric,NA,missing,,missing,,missing,"0,26",numeric,Tr,trace,"0,08",numeric,Tr,trace,Tr,trace
575,"Grão-de-bico, cru",Leguminosas e derivados,65,66,"12,3",numeric,355,numeric,1484,numeric,"21,2",numeric,"5,4",numeric,NA,missing,"57,9",numeric,"12,4",numeric,"3,2",numeric,114,numeric,146,numeric,"3,16",numeric,342,numeric,"5,4",numeric,5,numeric,1116,numeric,"0,67",numeric,"3,2",numeric,NA,missing,,missing,,missing,"0,52",numeric,Tr,trace,"0,75",numeric,Tr,trace,Tr,trace
576,"Guandu, cru",Leguminosas e derivados,65,66,"11,4",numeric,344,numeric,1440,numeric,"19,0",numeric,"2,1",numeric,NA,missing,"64,0",numeric,"21,3",numeric,"3,5",numeric,129,numeric,166,numeric,"1,02",numeric,269,numeric,"1,9",numeric,2,numeric,1215,numeric,"0,57",numeric,"2,0",numeric,NA,missing,,missing,,missing,"1,06",numeric,Tr,trace,"0,07",numeric,"2,69",numeric,"1,5",numeric
577,"Lentilha, cozida",Leguminosas e derivados,65,66,"76,3",numeric,93,numeric,388,numeric,"6,3",numeric,"0,5",numeric,NA,missing,"16,3",numeric,"7,9",numeric,"0,6",numeric,16,numeric,22,numeric,"0,29",numeric,104,numeric,"1,5",numeric,1,numeric,220,numeric,"0,17",numeric,"1,1",numeric,NA,missing,,missing,,missing,"0,03",numeric,Tr,trace,Tr,trace,Tr,trace,Tr,trace
578,"Lentilha, crua",Leguminosas e derivados,67,68,"11,5",numeric,339,numeric,1419,numeric,"23,2",numeric,"0,8",numeric,NA,missing,"62,0",numeric,"16,9",numeric,"2,6",numeric,54,numeric,94,numeric,"1,08",numeric,368,numeric,"7,0",numeric,Tr,trace,887,numeric,"0,83",numeric,"3,5",numeric,NA,missing,,missing,,missing,"0,11",numeric,Tr,trace,"0,42",numeric,"5,07",numeric,,missing
579,"Paçoca, amendoim",Leguminosas e derivados,67,68,"1,8",numeric,487,numeric,2037,numeric,"16,0",numeric,"26,1",numeric,NA,missing,"52,4",numeric,"7,3",numeric,"3,8",numeric,22,numeric,101,numeric,"1,06",numeric,198,numeric,"1,1",numeric,167,numeric,348,numeric,"0,38",numeric,"1,6",numeric,NA,missing,,missing,,missing,Tr,trace,Tr,trace,"1,20",numeric,Tr,trace,Tr,trace
580,"Pé-de-moleque, amendoim",Leguminosas e derivados,67,68,"2,9",numeric,503,numeric,2105,numeric,"13,2",numeric,"28,0",numeric,NA,missing,"54,7",numeric,"3,4",numeric,"1,1",numeric,27,numeric,108,numeric,"1,09",numeric,171,numeric,"1,3",numeric,16,numeric,355,numeric,"0,43",numeric,"1,4",numeric,NA,missing,,missing,,missing,"0,04",numeric,"0,03",numeric,"0,11",numeric,"5,94",numeric,Tr,trace
581,"Soja, farinha",Leguminosas e derivados,67,68,"5,8",numeric,404,numeric,1690,numeric,"36,0",numeric,"14,6",numeric,NA,missing,"38,4",numeric,"20,2",numeric,"5,1",numeric,206,numeric,242,numeric,"2,87",numeric,539,numeric,"13,1",numeric,6,numeric,1922,numeric,"1,29",numeric,"4,5",numeric,NA,missing,,missing,,missing,"0,20",numeric,"0,04",numeric,"0,03",numeric,Tr,trace,Tr,trace
582,"Soja, extrato solúvel, natural, fluido",Leguminosas e derivados,67,68,"91,3",numeric,39,numeric,164,numeric,"2,4",numeric,"1,6",numeric,NA,missing,"4,3",numeric,"0,4",numeric,"0,5",numeric,17,numeric,15,numeric,"0,15",numeric,53,numeric,"0,4",numeric,57,numeric,121,numeric,"0,08",numeric,"0,3",numeric,NA,missing,,missing,,missing,Tr,trace,Tr,trace,Tr,trace,Tr,trace,Tr,trace
583,"Soja, extrato solúvel, pó",Leguminosas e derivados,67,68,"4,5",numeric,459,numeric,1920,numeric,"35,7",numeric,"26,2",numeric,NA,missing,"28,5",numeric,"7,3",numeric,"5,2",numeric,359,numeric,216,numeric,"2,68",numeric,647,numeric,"7,0",numeric,83,numeric,1607,numeric,"1,19",numeric,"5,8",numeric,NA,missing,,missing,,missing,Tr,trace,"0,11",numeric,"0,35",numeric,Tr,trace,"9,2",numeric
584,"Soja, queijo (tofu)",Leguminosas e derivados,67,68,"86,6",numeric,64,numeric,270,numeric,"6,6",numeric,"4,0",numeric,NA,missing,"2,1",numeric,"0,8",numeric,"0,7",numeric,81,numeric,38,numeric,"0,33",numeric,130,numeric,"1,4",numeric,1,numeric,182,numeric,"0,18",numeric,"0,9",numeric,NA,missing,,missing,,missing,"0,04",numeric,Tr,trace,"0,03",numeric,Tr,trace,Tr,trace
585,"Tremoço, cru",Leguminosas e derivados,67,68,"9,7",numeric,381,numeric,1595,numeric,"33,6",numeric,"10,3",numeric,NA,missing,"43,8",numeric,"32,3",numeric,"2,6",numeric,177,numeric,121,numeric,*,missing,265,numeric,"2,8",numeric,3,numeric,708,numeric,"0,79",numeric,"4,2",numeric,NA,missing,,missing,,missing,"0,24",numeric,Tr,trace,"0,07",numeric,Tr,trace,"25,0",numeric
586,"Tremoço, em conserva",Leguminosas e derivados,67,68,"67,7",numeric,121,numeric,505,numeric,"11,1",numeric,"3,8",numeric,NA,missing,"12,4",numeric,"14,4",numeric,"5,0",numeric,16,numeric,4,numeric,*,missing,40,numeric,"0,3",numeric,1809,numeric,5,numeric,"0,27",numeric,"0,6",numeric,NA,missing,,missing,,missing,Tr,trace,Tr,trace,Tr,trace,Tr,trace,Tr,trace
587,"Amêndoa, torrada, salgada",Nozes e sementes,67,68,"3,1",numeric,581,numeric,2430,numeric,"18,6",numeric,"47,3",numeric,NA,missing,"29,5",numeric,"11,6",numeric,"1,5",numeric,237,numeric,222,numeric,"1,95",numeric,493,numeric,"3,1",numeric,279,numeric,640,numeric,"0,93",numeric,"2,6",numeric,NA,missing,,missing,,missing,"0,29",numeric,"0,16",numeric,Tr,trace,Tr,trace,Tr,trace
588,"Castanha-de-caju, torrada, salgada",Nozes e sementes,67,68,"3,5",numeric,570,numeric,2386,numeric,"18,5",numeric,"46,3",numeric,NA,missing,"29,1",numeric,"3,7",numeric,"2,6",numeric,33,numeric,237,numeric,"1,59",numeric,594,numeric,"5,2",numeric,125,numeric,671,numeric,"1,92",numeric,"4,7",numeric,NA,missing,,missing,,missing,"0,29",numeric,"0,05",numeric,"0,39",numeric,Tr,trace,Tr,trace
589,"Castanha-do-Brasil, crua",Nozes e sementes,67,68,"3,5",numeric,643,numeric,2690,numeric,"14,5",numeric,"63,5",numeric,NA,missing,"15,1",numeric,"7,9",numeric,"3,4",numeric,146,numeric,365,numeric,"1,10",numeric,853,numeric,"2,3",numeric,1,numeric,651,numeric,"1,79",numeric,"4,2",numeric,NA,missing,,missing,,missing,"0,30",numeric,Tr,trace,"0,44",numeric,Tr,trace,Tr,trace
590,"Coco, cru",Nozes e sementes,67,68,"43,0",numeric,406,numeric,1701,numeric,"3,7",numeric,"42,0",numeric,NA,missing,"10,4",numeric,"5,4",numeric,"1,0",numeric,6,numeric,51,numeric,"1,00",numeric,118,numeric,"1,8",numeric,15,numeric,354,numeric,"0,45",numeric,"0,9",numeric,NA,missing,,missing,,missing,Tr,trace,Tr,trace,"0,03",numeric,Tr,trace,"2,5",numeric
591,"Coco, verde, cru",Nozes e sementes,67,68,*,missing,*,missing,*,missing,*,missing,*,missing,*,missing,*,missing,*,missing,*,missing,*,missing,*,missing,*,missing,*,missing,*,missing,*,missing,*,missing,*,missing,*,missing,NA,missing,,missing,,missing,*,missing,*,missing,*,missing,*,missing,*,missing
592,"Farinha, de mesocarpo de babaçu, crua",Nozes e sementes,67,68,"15,8",numeric,329,numeric,1376,numeric,"1,4",numeric,"0,2",numeric,NA,missing,"79,2",numeric,"17,9",numeric,"3,4",numeric,61,numeric,39,numeric,"0,38",numeric,26,numeric,"18,3",numeric,12,numeric,362,numeric,"0,22",numeric,"0,3",numeric,NA,missing,,missing,,missing,Tr,trace,Tr,trace,Tr,trace,"2,58",numeric,Tr,trace
593,"Gergelim, semente",Nozes e sementes,67,68,"3,9",numeric,584,numeric,2442,numeric,"21,2",numeric,"50,4",numeric,NA,missing,"21,6",numeric,"11,9",numeric,"2,9",numeric,825,numeric,361,numeric,"2,67",numeric,741,numeric,"5,4",numeric,3,numeric,546,numeric,"1,51",numeric,"5,2",numeric,NA,missing,,missing,,missing,"0,94",numeric,Tr,trace,"0,13",numeric,"5,92",numeric,Tr,trace
594,"Linhaça, semente",Nozes e sementes,67,68,"6,7",numeric,495,numeric,2072,numeric,"14,1",numeric,"32,3",numeric,NA,missing,"43,3",numeric,"33,5",numeric,"3,7",numeric,211,numeric,347,numeric,"2,81",numeric,615,numeric,"4,7",numeric,9,numeric,869,numeric,"1,09",numeric,"4,4",numeric,NA,missing,,missing,,missing,"0,12",numeric,Tr,trace,"0,13",numeric,Tr,trace,Tr,trace
595,"Pinhão, cozido",Nozes e sementes,67,68,"50,5",numeric,174,numeric,730,numeric,"3,0",numeric,"0,7",numeric,NA,missing,"43,9",numeric,"15,6",numeric,"1,8",numeric,16,numeric,53,numeric,"0,41",numeric,166,numeric,"0,8",numeric,1,numeric,727,numeric,"0,18",numeric,"0,8",numeric,NA,missing,,missing,,missing,Tr,trace,Tr,trace,Tr,trace,Tr,trace,"27,7",numeric
596,"Pupunha, cozida",Nozes e sementes,67,68,"54,5",numeric,219,numeric,914,numeric,"2,5",numeric,"12,8",numeric,NA,missing,"29,6",numeric,"4,3",numeric,"0,7",numeric,28,numeric,25,numeric,"0,13",numeric,49,numeric,"0,5",numeric,1,numeric,303,numeric,"0,28",numeric,"0,3",numeric,NA,missing,875,numeric,438,numeric,Tr,trace,"0,09",numeric,"0,03",numeric,Tr,trace,"2,2",numeric
597,"Noz, crua",Nozes e sementes,67,68,"6,2",numeric,620,numeric,2594,numeric,"14,0",numeric,"59,4",numeric,NA,missing,"18,4",numeric,"7,2",numeric,"2,1",numeric,105,numeric,153,numeric,"4,05",numeric,396,numeric,"2,0",numeric,5,numeric,533,numeric,"0,75",numeric,"2,1",numeric,NA,missing,,missing,,missing,"0,38",numeric,Tr,trace,"0,13",numeric,"1,08",numeric,Tr,trace
